Using pre-set license
Built from '2020.3/staging' branch; Version is '2020.3.24f1 (79c78de19888) revision 7980941'; Using compiler version '192528614'; Build Type 'Release'
OS: 'Windows 10  (10.0.18363) 64bit Professional' Language: 'en' Physical Memory: 32646 MB
BatchMode: 1, IsHumanControllingUs: 0, StartBugReporterOnCrash: 0, Is64bit: 1, IsPro: 0

COMMAND LINE ARGUMENTS:
D:\Applications\Editor\2020.3.24f1\Editor\Unity.exe
-adb2
-batchMode
-noUpm
-name
AssetImportWorker0
-projectPath
D:/Studio Projects/Projects/Human-Playable
-logFile
Logs/AssetImportWorker0.log
-srvPort
62412
Successfully changed project path to: D:/Studio Projects/Projects/Human-Playable
D:/Studio Projects/Projects/Human-Playable
Using Asset Import Pipeline V2.
Refreshing native plugins compatible for Editor in 27.29 ms, found 2 plugins.
Preloading 0 native plugins for Editor in 0.00 ms.
Initialize engine version: 2020.3.24f1 (79c78de19888)
[Subsystems] Discovering subsystems at path D:/Applications/Editor/2020.3.24f1/Editor/Data/Resources/UnitySubsystems
[Subsystems] Discovering subsystems at path D:/Studio Projects/Projects/Human-Playable/Assets
GfxDevice: creating device client; threaded=0
Direct3D:
    Version:  Direct3D 11.0 [level 11.1]
    Renderer: NVIDIA GeForce RTX 2070 SUPER (ID=0x1e84)
    Vendor:   
    VRAM:     8011 MB
    Driver:   30.0.14.9709
Initialize mono
Mono path[0] = 'D:/Applications/Editor/2020.3.24f1/Editor/Data/Managed'
Mono path[1] = 'D:/Applications/Editor/2020.3.24f1/Editor/Data/MonoBleedingEdge/lib/mono/unityjit'
Mono config path = 'D:/Applications/Editor/2020.3.24f1/Editor/Data/MonoBleedingEdge/etc'
Using monoOptions --debugger-agent=transport=dt_socket,embedding=1,server=y,suspend=n,address=127.0.0.1:56456
Begin MonoManager ReloadAssembly
Registering precompiled unity dll's ...
Register platform support module: D:/Applications/Editor/2020.3.24f1/Editor/Data/PlaybackEngines/WindowsStandaloneSupport/UnityEditor.WindowsStandalone.Extensions.dll
Registered in 0.000573 seconds.
Native extension for WindowsStandalone target not found
Refreshing native plugins compatible for Editor in 26.28 ms, found 2 plugins.
Preloading 0 native plugins for Editor in 0.00 ms.
Mono: successfully reloaded assembly
- Completed reload, in  0.407 seconds
Domain Reload Profiling:
	ReloadAssembly (408ms)
		BeginReloadAssembly (34ms)
			ExecutionOrderSort (0ms)
			DisableScriptedObjects (0ms)
			BackupInstance (0ms)
			ReleaseScriptingObjects (0ms)
			CreateAndSetChildDomain (1ms)
		EndReloadAssembly (325ms)
			LoadAssemblies (33ms)
			RebuildTransferFunctionScriptingTraits (0ms)
			SetupTypeCache (109ms)
			ReleaseScriptCaches (0ms)
			RebuildScriptCaches (23ms)
			SetupLoadedEditorAssemblies (121ms)
				LogAssemblyErrors (0ms)
				InitializePlatformSupportModulesInManaged (3ms)
				SetLoadedEditorAssemblies (0ms)
				RefreshPlugins (26ms)
				BeforeProcessingInitializeOnLoad (13ms)
				ProcessInitializeOnLoadAttributes (58ms)
				ProcessInitializeOnLoadMethodAttributes (21ms)
				AfterProcessingInitializeOnLoad (0ms)
				EditorAssembliesLoaded (0ms)
			ExecutionOrderSort2 (0ms)
			AwakeInstancesAfterBackupRestoration (0ms)
Platform modules already initialized, skipping
Registering precompiled user dll's ...
Registered in 0.002155 seconds.
Begin MonoManager ReloadAssembly
Native extension for WindowsStandalone target not found
Refreshing native plugins compatible for Editor in 0.34 ms, found 2 plugins.
Preloading 0 native plugins for Editor in 0.00 ms.
Mono: successfully reloaded assembly
- Completed reload, in  1.125 seconds
Domain Reload Profiling:
	ReloadAssembly (1126ms)
		BeginReloadAssembly (101ms)
			ExecutionOrderSort (0ms)
			DisableScriptedObjects (4ms)
			BackupInstance (0ms)
			ReleaseScriptingObjects (0ms)
			CreateAndSetChildDomain (14ms)
		EndReloadAssembly (983ms)
			LoadAssemblies (57ms)
			RebuildTransferFunctionScriptingTraits (0ms)
			SetupTypeCache (215ms)
			ReleaseScriptCaches (0ms)
			RebuildScriptCaches (33ms)
			SetupLoadedEditorAssemblies (606ms)
				LogAssemblyErrors (0ms)
				InitializePlatformSupportModulesInManaged (3ms)
				SetLoadedEditorAssemblies (0ms)
				RefreshPlugins (0ms)
				BeforeProcessingInitializeOnLoad (54ms)
				ProcessInitializeOnLoadAttributes (221ms)
				ProcessInitializeOnLoadMethodAttributes (326ms)
				AfterProcessingInitializeOnLoad (1ms)
				EditorAssembliesLoaded (0ms)
			ExecutionOrderSort2 (0ms)
			AwakeInstancesAfterBackupRestoration (5ms)
Platform modules already initialized, skipping
========================================================================
Worker process is ready to serve import requests
Launched and connected shader compiler UnityShaderCompiler.exe after 0.02 seconds
Refreshing native plugins compatible for Editor in 0.37 ms, found 2 plugins.
Preloading 0 native plugins for Editor in 0.00 ms.
Unloading 1564 Unused Serialized files (Serialized files now loaded: 0)
System memory in use before: 78.1 MB.
System memory in use after: 78.0 MB.

Unloading 25 unused Assets to reduce memory usage. Loaded Objects now: 2036.
Total: 2.643000 ms (FindLiveObjects: 0.143900 ms CreateObjectMapping: 0.043200 ms MarkObjects: 2.387900 ms  DeleteObjects: 0.067300 ms)

AssetImportParameters requested are different than current active one (requested -> active):
  custom:framework-win-MediaFoundation: 216162199b28c13a410421893ffa2e32 -> 
  custom:video-decoder-ogg-theora: a1e56fd34408186e4bbccfd4996cb3dc -> 
  custom:container-muxer-webm: aa71ff27fc2769a1b78a27578f13a17b -> 
  custom:container-demuxer-webm: 4f35f7cbe854078d1ac9338744f61a02 -> 
  custom:container-demuxer-ogg: 62fdf1f143b41e24485cea50d1cbac27 -> 
  custom:video-encoder-webm-vp8: eb34c28f22e8b96e1ab97ce403110664 -> 
  custom:video-decoder-webm-vp8: 9c59270c3fd7afecdb556c50c9e8de78 -> 
  custom:audio-decoder-ogg-vorbis: bf7c407c2cedff20999df2af8eb42d56 -> 
  custom:audio-encoder-webm-vorbis: bf7c407c2cedff20999df2af8eb42d56 -> 
========================================================================
Received Import Request.
  path: Assets/SVC_Luna.asset
  artifactKey: Guid(fba39a0e6f37dfe4380d096a6668ee0b) Importer(815301076,1909f56bfc062723c751e8b465ee728b)
Start importing Assets/SVC_Luna.asset using Guid(fba39a0e6f37dfe4380d096a6668ee0b) Importer(815301076,1909f56bfc062723c751e8b465ee728b)  -> (artifact id: '27785cd2841f7b1a92829e5e44112d64') in 0.016332 seconds 
  Import took 0.018312 seconds .

========================================================================
Received Import Request.
  Time since last request: 6.776563 seconds.
  path: Assets/Animations/Character/Main/main_char.controller
  artifactKey: Guid(34c02ae2ab024b142982322beb7ff705) Importer(815301076,1909f56bfc062723c751e8b465ee728b)
Start importing Assets/Animations/Character/Main/main_char.controller using Guid(34c02ae2ab024b142982322beb7ff705) Importer(815301076,1909f56bfc062723c751e8b465ee728b)  -> (artifact id: 'ace09ddc808478863474e20decc56c6f') in 0.242200 seconds 
  Import took 0.249102 seconds .

========================================================================
Received Prepare
Registering precompiled user dll's ...
Registered in 0.002117 seconds.
Begin MonoManager ReloadAssembly
Native extension for WindowsStandalone target not found
Refreshing native plugins compatible for Editor in 0.36 ms, found 2 plugins.
Preloading 0 native plugins for Editor in 0.00 ms.
Mono: successfully reloaded assembly
- Completed reload, in  1.086 seconds
Domain Reload Profiling:
	ReloadAssembly (1086ms)
		BeginReloadAssembly (81ms)
			ExecutionOrderSort (0ms)
			DisableScriptedObjects (3ms)
			BackupInstance (0ms)
			ReleaseScriptingObjects (0ms)
			CreateAndSetChildDomain (28ms)
		EndReloadAssembly (962ms)
			LoadAssemblies (62ms)
			RebuildTransferFunctionScriptingTraits (0ms)
			SetupTypeCache (222ms)
			ReleaseScriptCaches (1ms)
			RebuildScriptCaches (29ms)
			SetupLoadedEditorAssemblies (577ms)
				LogAssemblyErrors (0ms)
				InitializePlatformSupportModulesInManaged (3ms)
				SetLoadedEditorAssemblies (0ms)
				RefreshPlugins (0ms)
				BeforeProcessingInitializeOnLoad (48ms)
				ProcessInitializeOnLoadAttributes (201ms)
				ProcessInitializeOnLoadMethodAttributes (322ms)
				AfterProcessingInitializeOnLoad (1ms)
				EditorAssembliesLoaded (0ms)
			ExecutionOrderSort2 (0ms)
			AwakeInstancesAfterBackupRestoration (5ms)
Platform modules already initialized, skipping
Switching build target platform(19) subTarget(0) extendedPlatform(0) -> platform(13) subTarget(537395200) extendedPlatform(0)
Refreshing native plugins compatible for Editor in 0.35 ms, found 2 plugins.
Preloading 0 native plugins for Editor in 0.00 ms.
Unloading 1547 Unused Serialized files (Serialized files now loaded: 0)
System memory in use before: 76.3 MB.
System memory in use after: 76.4 MB.

Unloading 20 unused Assets to reduce memory usage. Loaded Objects now: 2040.
Total: 2.735600 ms (FindLiveObjects: 0.142600 ms CreateObjectMapping: 0.046300 ms MarkObjects: 2.495500 ms  DeleteObjects: 0.050600 ms)

AssetImportParameters requested are different than current active one (requested -> active):
  custom:framework-win-MediaFoundation: 216162199b28c13a410421893ffa2e32 -> 
  custom:video-decoder-ogg-theora: a1e56fd34408186e4bbccfd4996cb3dc -> 
  custom:container-muxer-webm: aa71ff27fc2769a1b78a27578f13a17b -> 
  custom:container-demuxer-webm: 4f35f7cbe854078d1ac9338744f61a02 -> 
  custom:container-demuxer-ogg: 62fdf1f143b41e24485cea50d1cbac27 -> 
  custom:video-encoder-webm-vp8: eb34c28f22e8b96e1ab97ce403110664 -> 
  custom:video-decoder-webm-vp8: 9c59270c3fd7afecdb556c50c9e8de78 -> 
  custom:graphics/normal-map-encoding: 01000000000000000000000000000000 -> 02000000000000000000000000000000
  custom:audio-decoder-ogg-vorbis: bf7c407c2cedff20999df2af8eb42d56 -> 
  custom:audio-encoder-webm-vorbis: bf7c407c2cedff20999df2af8eb42d56 -> 
========================================================================
Received Prepare
Registering precompiled user dll's ...
Registered in 0.002171 seconds.
Begin MonoManager ReloadAssembly
Native extension for WindowsStandalone target not found
Refreshing native plugins compatible for Editor in 0.35 ms, found 2 plugins.
Preloading 0 native plugins for Editor in 0.00 ms.
Mono: successfully reloaded assembly
- Completed reload, in  1.099 seconds
Domain Reload Profiling:
	ReloadAssembly (1099ms)
		BeginReloadAssembly (78ms)
			ExecutionOrderSort (0ms)
			DisableScriptedObjects (4ms)
			BackupInstance (0ms)
			ReleaseScriptingObjects (0ms)
			CreateAndSetChildDomain (28ms)
		EndReloadAssembly (979ms)
			LoadAssemblies (58ms)
			RebuildTransferFunctionScriptingTraits (0ms)
			SetupTypeCache (218ms)
			ReleaseScriptCaches (1ms)
			RebuildScriptCaches (30ms)
			SetupLoadedEditorAssemblies (597ms)
				LogAssemblyErrors (0ms)
				InitializePlatformSupportModulesInManaged (3ms)
				SetLoadedEditorAssemblies (0ms)
				RefreshPlugins (0ms)
				BeforeProcessingInitializeOnLoad (50ms)
				ProcessInitializeOnLoadAttributes (205ms)
				ProcessInitializeOnLoadMethodAttributes (336ms)
				AfterProcessingInitializeOnLoad (2ms)
				EditorAssembliesLoaded (0ms)
			ExecutionOrderSort2 (0ms)
			AwakeInstancesAfterBackupRestoration (5ms)
Platform modules already initialized, skipping
Switching build target platform(19) subTarget(0) extendedPlatform(0) -> platform(13) subTarget(537395200) extendedPlatform(0)
Refreshing native plugins compatible for Editor in 0.34 ms, found 2 plugins.
Preloading 0 native plugins for Editor in 0.00 ms.
Unloading 1548 Unused Serialized files (Serialized files now loaded: 0)
System memory in use before: 76.8 MB.
System memory in use after: 76.8 MB.

Unloading 20 unused Assets to reduce memory usage. Loaded Objects now: 2044.
Total: 2.640100 ms (FindLiveObjects: 0.143800 ms CreateObjectMapping: 0.044200 ms MarkObjects: 2.397500 ms  DeleteObjects: 0.054100 ms)

AssetImportParameters requested are different than current active one (requested -> active):
  custom:framework-win-MediaFoundation: 216162199b28c13a410421893ffa2e32 -> 
  custom:video-decoder-ogg-theora: a1e56fd34408186e4bbccfd4996cb3dc -> 
  custom:container-muxer-webm: aa71ff27fc2769a1b78a27578f13a17b -> 
  custom:container-demuxer-webm: 4f35f7cbe854078d1ac9338744f61a02 -> 
  custom:container-demuxer-ogg: 62fdf1f143b41e24485cea50d1cbac27 -> 
  custom:video-encoder-webm-vp8: eb34c28f22e8b96e1ab97ce403110664 -> 
  custom:video-decoder-webm-vp8: 9c59270c3fd7afecdb556c50c9e8de78 -> 
  custom:graphics/normal-map-encoding: 01000000000000000000000000000000 -> 02000000000000000000000000000000
  custom:audio-decoder-ogg-vorbis: bf7c407c2cedff20999df2af8eb42d56 -> 
  custom:audio-encoder-webm-vorbis: bf7c407c2cedff20999df2af8eb42d56 -> 
========================================================================
Received Prepare
Registering precompiled user dll's ...
Registered in 0.002058 seconds.
Begin MonoManager ReloadAssembly
Native extension for WindowsStandalone target not found
Refreshing native plugins compatible for Editor in 0.34 ms, found 2 plugins.
Preloading 0 native plugins for Editor in 0.00 ms.
Mono: successfully reloaded assembly
- Completed reload, in  1.096 seconds
Domain Reload Profiling:
	ReloadAssembly (1096ms)
		BeginReloadAssembly (85ms)
			ExecutionOrderSort (0ms)
			DisableScriptedObjects (3ms)
			BackupInstance (0ms)
			ReleaseScriptingObjects (0ms)
			CreateAndSetChildDomain (33ms)
		EndReloadAssembly (968ms)
			LoadAssemblies (63ms)
			RebuildTransferFunctionScriptingTraits (0ms)
			SetupTypeCache (217ms)
			ReleaseScriptCaches (1ms)
			RebuildScriptCaches (28ms)
			SetupLoadedEditorAssemblies (584ms)
				LogAssemblyErrors (0ms)
				InitializePlatformSupportModulesInManaged (3ms)
				SetLoadedEditorAssemblies (0ms)
				RefreshPlugins (0ms)
				BeforeProcessingInitializeOnLoad (49ms)
				ProcessInitializeOnLoadAttributes (203ms)
				ProcessInitializeOnLoadMethodAttributes (327ms)
				AfterProcessingInitializeOnLoad (2ms)
				EditorAssembliesLoaded (0ms)
			ExecutionOrderSort2 (0ms)
			AwakeInstancesAfterBackupRestoration (5ms)
Platform modules already initialized, skipping
Switching build target platform(19) subTarget(0) extendedPlatform(0) -> platform(13) subTarget(537395200) extendedPlatform(0)
Refreshing native plugins compatible for Editor in 0.34 ms, found 2 plugins.
Preloading 0 native plugins for Editor in 0.00 ms.
Unloading 1548 Unused Serialized files (Serialized files now loaded: 0)
System memory in use before: 77.0 MB.
System memory in use after: 77.0 MB.

Unloading 20 unused Assets to reduce memory usage. Loaded Objects now: 2048.
Total: 2.623800 ms (FindLiveObjects: 0.145500 ms CreateObjectMapping: 0.047800 ms MarkObjects: 2.377000 ms  DeleteObjects: 0.052600 ms)

AssetImportParameters requested are different than current active one (requested -> active):
  custom:framework-win-MediaFoundation: 216162199b28c13a410421893ffa2e32 -> 
  custom:video-decoder-ogg-theora: a1e56fd34408186e4bbccfd4996cb3dc -> 
  custom:container-muxer-webm: aa71ff27fc2769a1b78a27578f13a17b -> 
  custom:container-demuxer-webm: 4f35f7cbe854078d1ac9338744f61a02 -> 
  custom:container-demuxer-ogg: 62fdf1f143b41e24485cea50d1cbac27 -> 
  custom:video-encoder-webm-vp8: eb34c28f22e8b96e1ab97ce403110664 -> 
  custom:video-decoder-webm-vp8: 9c59270c3fd7afecdb556c50c9e8de78 -> 
  custom:graphics/normal-map-encoding: 01000000000000000000000000000000 -> 02000000000000000000000000000000
  custom:audio-decoder-ogg-vorbis: bf7c407c2cedff20999df2af8eb42d56 -> 
  custom:audio-encoder-webm-vorbis: bf7c407c2cedff20999df2af8eb42d56 -> 
========================================================================
Received Prepare
Registering precompiled user dll's ...
Registered in 0.001990 seconds.
Begin MonoManager ReloadAssembly
Native extension for WindowsStandalone target not found
Refreshing native plugins compatible for Editor in 0.34 ms, found 2 plugins.
Preloading 0 native plugins for Editor in 0.00 ms.
Mono: successfully reloaded assembly
- Completed reload, in  1.080 seconds
Domain Reload Profiling:
	ReloadAssembly (1080ms)
		BeginReloadAssembly (77ms)
			ExecutionOrderSort (0ms)
			DisableScriptedObjects (4ms)
			BackupInstance (0ms)
			ReleaseScriptingObjects (0ms)
			CreateAndSetChildDomain (28ms)
		EndReloadAssembly (963ms)
			LoadAssemblies (56ms)
			RebuildTransferFunctionScriptingTraits (0ms)
			SetupTypeCache (215ms)
			ReleaseScriptCaches (1ms)
			RebuildScriptCaches (28ms)
			SetupLoadedEditorAssemblies (582ms)
				LogAssemblyErrors (0ms)
				InitializePlatformSupportModulesInManaged (3ms)
				SetLoadedEditorAssemblies (0ms)
				RefreshPlugins (0ms)
				BeforeProcessingInitializeOnLoad (49ms)
				ProcessInitializeOnLoadAttributes (202ms)
				ProcessInitializeOnLoadMethodAttributes (326ms)
				AfterProcessingInitializeOnLoad (1ms)
				EditorAssembliesLoaded (0ms)
			ExecutionOrderSort2 (0ms)
			AwakeInstancesAfterBackupRestoration (6ms)
Platform modules already initialized, skipping
Switching build target platform(19) subTarget(0) extendedPlatform(0) -> platform(13) subTarget(537395200) extendedPlatform(0)
Refreshing native plugins compatible for Editor in 0.34 ms, found 2 plugins.
Preloading 0 native plugins for Editor in 0.00 ms.
Unloading 1548 Unused Serialized files (Serialized files now loaded: 0)
System memory in use before: 77.1 MB.
System memory in use after: 77.2 MB.

Unloading 20 unused Assets to reduce memory usage. Loaded Objects now: 2052.
Total: 2.584800 ms (FindLiveObjects: 0.139100 ms CreateObjectMapping: 0.044500 ms MarkObjects: 2.353000 ms  DeleteObjects: 0.047100 ms)

AssetImportParameters requested are different than current active one (requested -> active):
  custom:framework-win-MediaFoundation: 216162199b28c13a410421893ffa2e32 -> 
  custom:video-decoder-ogg-theora: a1e56fd34408186e4bbccfd4996cb3dc -> 
  custom:container-muxer-webm: aa71ff27fc2769a1b78a27578f13a17b -> 
  custom:container-demuxer-webm: 4f35f7cbe854078d1ac9338744f61a02 -> 
  custom:container-demuxer-ogg: 62fdf1f143b41e24485cea50d1cbac27 -> 
  custom:video-encoder-webm-vp8: eb34c28f22e8b96e1ab97ce403110664 -> 
  custom:video-decoder-webm-vp8: 9c59270c3fd7afecdb556c50c9e8de78 -> 
  custom:graphics/normal-map-encoding: 01000000000000000000000000000000 -> 02000000000000000000000000000000
  custom:audio-decoder-ogg-vorbis: bf7c407c2cedff20999df2af8eb42d56 -> 
  custom:audio-encoder-webm-vorbis: bf7c407c2cedff20999df2af8eb42d56 -> 
========================================================================
Received Prepare
Registering precompiled user dll's ...
Registered in 0.002879 seconds.
Begin MonoManager ReloadAssembly
Native extension for WindowsStandalone target not found
Refreshing native plugins compatible for Editor in 0.34 ms, found 2 plugins.
Preloading 0 native plugins for Editor in 0.00 ms.
Mono: successfully reloaded assembly
- Completed reload, in  1.089 seconds
Domain Reload Profiling:
	ReloadAssembly (1089ms)
		BeginReloadAssembly (77ms)
			ExecutionOrderSort (0ms)
			DisableScriptedObjects (3ms)
			BackupInstance (0ms)
			ReleaseScriptingObjects (0ms)
			CreateAndSetChildDomain (28ms)
		EndReloadAssembly (970ms)
			LoadAssemblies (57ms)
			RebuildTransferFunctionScriptingTraits (0ms)
			SetupTypeCache (226ms)
			ReleaseScriptCaches (1ms)
			RebuildScriptCaches (29ms)
			SetupLoadedEditorAssemblies (576ms)
				LogAssemblyErrors (0ms)
				InitializePlatformSupportModulesInManaged (3ms)
				SetLoadedEditorAssemblies (0ms)
				RefreshPlugins (0ms)
				BeforeProcessingInitializeOnLoad (50ms)
				ProcessInitializeOnLoadAttributes (199ms)
				ProcessInitializeOnLoadMethodAttributes (321ms)
				AfterProcessingInitializeOnLoad (1ms)
				EditorAssembliesLoaded (0ms)
			ExecutionOrderSort2 (0ms)
			AwakeInstancesAfterBackupRestoration (5ms)
Platform modules already initialized, skipping
Switching build target platform(19) subTarget(0) extendedPlatform(0) -> platform(13) subTarget(537395200) extendedPlatform(0)
Refreshing native plugins compatible for Editor in 0.33 ms, found 2 plugins.
Preloading 0 native plugins for Editor in 0.00 ms.
Unloading 1548 Unused Serialized files (Serialized files now loaded: 0)
System memory in use before: 77.3 MB.
System memory in use after: 77.4 MB.

Unloading 20 unused Assets to reduce memory usage. Loaded Objects now: 2056.
Total: 2.589200 ms (FindLiveObjects: 0.139100 ms CreateObjectMapping: 0.044000 ms MarkObjects: 2.357400 ms  DeleteObjects: 0.047700 ms)

AssetImportParameters requested are different than current active one (requested -> active):
  custom:framework-win-MediaFoundation: 216162199b28c13a410421893ffa2e32 -> 
  custom:video-decoder-ogg-theora: a1e56fd34408186e4bbccfd4996cb3dc -> 
  custom:container-muxer-webm: aa71ff27fc2769a1b78a27578f13a17b -> 
  custom:container-demuxer-webm: 4f35f7cbe854078d1ac9338744f61a02 -> 
  custom:container-demuxer-ogg: 62fdf1f143b41e24485cea50d1cbac27 -> 
  custom:video-encoder-webm-vp8: eb34c28f22e8b96e1ab97ce403110664 -> 
  custom:video-decoder-webm-vp8: 9c59270c3fd7afecdb556c50c9e8de78 -> 
  custom:graphics/normal-map-encoding: 01000000000000000000000000000000 -> 02000000000000000000000000000000
  custom:audio-decoder-ogg-vorbis: bf7c407c2cedff20999df2af8eb42d56 -> 
  custom:audio-encoder-webm-vorbis: bf7c407c2cedff20999df2af8eb42d56 -> 
========================================================================
Received Import Request.
  Time since last request: 2511.674607 seconds.
  path: Assets/TextMesh Pro/Resources/Fonts & Materials/LiberationSans SDF.asset
  artifactKey: Guid(8f586378b4e144a9851e7b34d9b748ee) Importer(815301076,1909f56bfc062723c751e8b465ee728b)
Start importing Assets/TextMesh Pro/Resources/Fonts & Materials/LiberationSans SDF.asset using Guid(8f586378b4e144a9851e7b34d9b748ee) Importer(815301076,1909f56bfc062723c751e8b465ee728b)  -> (artifact id: '0a159ebf4066437b1d5fc7f974081160') in 0.099833 seconds 
  Import took 0.102553 seconds .

========================================================================
Received Import Request.
  Time since last request: 0.000116 seconds.
  path: Assets/TextMesh Pro/Resources/Fonts & Materials/LiberationSans SDF - Fallback.asset
  artifactKey: Guid(2e498d1c8094910479dc3e1b768306a4) Importer(815301076,1909f56bfc062723c751e8b465ee728b)
Start importing Assets/TextMesh Pro/Resources/Fonts & Materials/LiberationSans SDF - Fallback.asset using Guid(2e498d1c8094910479dc3e1b768306a4) Importer(815301076,1909f56bfc062723c751e8b465ee728b)  -> (artifact id: 'a2a765f8c1d9ec46fab2f406bc785580') in 0.023886 seconds 
  Import took 0.025929 seconds .

========================================================================
Received Import Request.
  Time since last request: 112.502209 seconds.
  path: Assets/Animations/Tap Hint.controller
  artifactKey: Guid(16de45560fc296f4fa5e3794b0f15e02) Importer(815301076,1909f56bfc062723c751e8b465ee728b)
Start importing Assets/Animations/Tap Hint.controller using Guid(16de45560fc296f4fa5e3794b0f15e02) Importer(815301076,1909f56bfc062723c751e8b465ee728b)  -> (artifact id: 'bc623598fdaf939088f0f343b3bab551') in 0.002202 seconds 
  Import took 0.004330 seconds .

========================================================================
Received Import Request.
  Time since last request: 5.952704 seconds.
  path: Assets/Animations/hint.anim
  artifactKey: Guid(a801949ec8a54b64bbb79a85bab44e15) Importer(815301076,1909f56bfc062723c751e8b465ee728b)
Start importing Assets/Animations/hint.anim using Guid(a801949ec8a54b64bbb79a85bab44e15) Importer(815301076,1909f56bfc062723c751e8b465ee728b)  -> (artifact id: '93124208ddd614c14485d5149d00176d') in 0.002060 seconds 
  Import took 0.004227 seconds .

========================================================================
Received Prepare
Registering precompiled user dll's ...
Registered in 0.002000 seconds.
Begin MonoManager ReloadAssembly
Native extension for WindowsStandalone target not found
Refreshing native plugins compatible for Editor in 0.34 ms, found 2 plugins.
Preloading 0 native plugins for Editor in 0.00 ms.
Mono: successfully reloaded assembly
- Completed reload, in  1.072 seconds
Domain Reload Profiling:
	ReloadAssembly (1072ms)
		BeginReloadAssembly (79ms)
			ExecutionOrderSort (0ms)
			DisableScriptedObjects (3ms)
			BackupInstance (0ms)
			ReleaseScriptingObjects (0ms)
			CreateAndSetChildDomain (28ms)
		EndReloadAssembly (952ms)
			LoadAssemblies (58ms)
			RebuildTransferFunctionScriptingTraits (0ms)
			SetupTypeCache (211ms)
			ReleaseScriptCaches (1ms)
			RebuildScriptCaches (28ms)
			SetupLoadedEditorAssemblies (573ms)
				LogAssemblyErrors (0ms)
				InitializePlatformSupportModulesInManaged (3ms)
				SetLoadedEditorAssemblies (0ms)
				RefreshPlugins (0ms)
				BeforeProcessingInitializeOnLoad (50ms)
				ProcessInitializeOnLoadAttributes (198ms)
				ProcessInitializeOnLoadMethodAttributes (320ms)
				AfterProcessingInitializeOnLoad (1ms)
				EditorAssembliesLoaded (0ms)
			ExecutionOrderSort2 (0ms)
			AwakeInstancesAfterBackupRestoration (5ms)
Platform modules already initialized, skipping
Switching build target platform(19) subTarget(0) extendedPlatform(0) -> platform(13) subTarget(537395200) extendedPlatform(0)
Refreshing native plugins compatible for Editor in 0.34 ms, found 2 plugins.
Preloading 0 native plugins for Editor in 0.00 ms.
Unloading 1548 Unused Serialized files (Serialized files now loaded: 0)
System memory in use before: 77.8 MB.
System memory in use after: 77.9 MB.

Unloading 20 unused Assets to reduce memory usage. Loaded Objects now: 2101.
Total: 2.671300 ms (FindLiveObjects: 0.146900 ms CreateObjectMapping: 0.050400 ms MarkObjects: 2.420300 ms  DeleteObjects: 0.053000 ms)

AssetImportParameters requested are different than current active one (requested -> active):
  custom:framework-win-MediaFoundation: 216162199b28c13a410421893ffa2e32 -> 
  custom:video-decoder-ogg-theora: a1e56fd34408186e4bbccfd4996cb3dc -> 
  custom:container-muxer-webm: aa71ff27fc2769a1b78a27578f13a17b -> 
  custom:container-demuxer-webm: 4f35f7cbe854078d1ac9338744f61a02 -> 
  custom:container-demuxer-ogg: 62fdf1f143b41e24485cea50d1cbac27 -> 
  custom:video-encoder-webm-vp8: eb34c28f22e8b96e1ab97ce403110664 -> 
  custom:video-decoder-webm-vp8: 9c59270c3fd7afecdb556c50c9e8de78 -> 
  custom:graphics/normal-map-encoding: 01000000000000000000000000000000 -> 02000000000000000000000000000000
  custom:audio-decoder-ogg-vorbis: bf7c407c2cedff20999df2af8eb42d56 -> 
  custom:audio-encoder-webm-vorbis: bf7c407c2cedff20999df2af8eb42d56 -> 
========================================================================
Received Prepare
Registering precompiled user dll's ...
Registered in 0.002088 seconds.
Begin MonoManager ReloadAssembly
Native extension for WindowsStandalone target not found
Refreshing native plugins compatible for Editor in 0.34 ms, found 2 plugins.
Preloading 0 native plugins for Editor in 0.00 ms.
Mono: successfully reloaded assembly
- Completed reload, in  1.111 seconds
Domain Reload Profiling:
	ReloadAssembly (1111ms)
		BeginReloadAssembly (78ms)
			ExecutionOrderSort (0ms)
			DisableScriptedObjects (4ms)
			BackupInstance (0ms)
			ReleaseScriptingObjects (0ms)
			CreateAndSetChildDomain (29ms)
		EndReloadAssembly (992ms)
			LoadAssemblies (65ms)
			RebuildTransferFunctionScriptingTraits (0ms)
			SetupTypeCache (220ms)
			ReleaseScriptCaches (1ms)
			RebuildScriptCaches (32ms)
			SetupLoadedEditorAssemblies (588ms)
				LogAssemblyErrors (0ms)
				InitializePlatformSupportModulesInManaged (3ms)
				SetLoadedEditorAssemblies (0ms)
				RefreshPlugins (0ms)
				BeforeProcessingInitializeOnLoad (48ms)
				ProcessInitializeOnLoadAttributes (200ms)
				ProcessInitializeOnLoadMethodAttributes (335ms)
				AfterProcessingInitializeOnLoad (1ms)
				EditorAssembliesLoaded (0ms)
			ExecutionOrderSort2 (0ms)
			AwakeInstancesAfterBackupRestoration (5ms)
Platform modules already initialized, skipping
Switching build target platform(19) subTarget(0) extendedPlatform(0) -> platform(13) subTarget(537395200) extendedPlatform(0)
Refreshing native plugins compatible for Editor in 0.34 ms, found 2 plugins.
Preloading 0 native plugins for Editor in 0.00 ms.
Unloading 1548 Unused Serialized files (Serialized files now loaded: 0)
System memory in use before: 78.0 MB.
System memory in use after: 78.1 MB.

Unloading 20 unused Assets to reduce memory usage. Loaded Objects now: 2105.
Total: 2.652500 ms (FindLiveObjects: 0.143200 ms CreateObjectMapping: 0.044600 ms MarkObjects: 2.411200 ms  DeleteObjects: 0.052600 ms)

AssetImportParameters requested are different than current active one (requested -> active):
  custom:framework-win-MediaFoundation: 216162199b28c13a410421893ffa2e32 -> 
  custom:video-decoder-ogg-theora: a1e56fd34408186e4bbccfd4996cb3dc -> 
  custom:container-muxer-webm: aa71ff27fc2769a1b78a27578f13a17b -> 
  custom:container-demuxer-webm: 4f35f7cbe854078d1ac9338744f61a02 -> 
  custom:container-demuxer-ogg: 62fdf1f143b41e24485cea50d1cbac27 -> 
  custom:video-encoder-webm-vp8: eb34c28f22e8b96e1ab97ce403110664 -> 
  custom:video-decoder-webm-vp8: 9c59270c3fd7afecdb556c50c9e8de78 -> 
  custom:graphics/normal-map-encoding: 01000000000000000000000000000000 -> 02000000000000000000000000000000
  custom:audio-decoder-ogg-vorbis: bf7c407c2cedff20999df2af8eb42d56 -> 
  custom:audio-encoder-webm-vorbis: bf7c407c2cedff20999df2af8eb42d56 -> 
========================================================================
Received Prepare
Registering precompiled user dll's ...
Registered in 0.002137 seconds.
Begin MonoManager ReloadAssembly
Native extension for WindowsStandalone target not found
Refreshing native plugins compatible for Editor in 0.35 ms, found 2 plugins.
Preloading 0 native plugins for Editor in 0.00 ms.
Mono: successfully reloaded assembly
- Completed reload, in  1.111 seconds
Domain Reload Profiling:
	ReloadAssembly (1112ms)
		BeginReloadAssembly (75ms)
			ExecutionOrderSort (0ms)
			DisableScriptedObjects (3ms)
			BackupInstance (0ms)
			ReleaseScriptingObjects (0ms)
			CreateAndSetChildDomain (25ms)
		EndReloadAssembly (973ms)
			LoadAssemblies (59ms)
			RebuildTransferFunctionScriptingTraits (0ms)
			SetupTypeCache (230ms)
			ReleaseScriptCaches (1ms)
			RebuildScriptCaches (29ms)
			SetupLoadedEditorAssemblies (573ms)
				LogAssemblyErrors (0ms)
				InitializePlatformSupportModulesInManaged (3ms)
				SetLoadedEditorAssemblies (0ms)
				RefreshPlugins (0ms)
				BeforeProcessingInitializeOnLoad (48ms)
				ProcessInitializeOnLoadAttributes (196ms)
				ProcessInitializeOnLoadMethodAttributes (324ms)
				AfterProcessingInitializeOnLoad (1ms)
				EditorAssembliesLoaded (0ms)
			ExecutionOrderSort2 (0ms)
			AwakeInstancesAfterBackupRestoration (5ms)
Platform modules already initialized, skipping
Switching build target platform(19) subTarget(0) extendedPlatform(0) -> platform(13) subTarget(537395200) extendedPlatform(0)
Refreshing native plugins compatible for Editor in 0.38 ms, found 2 plugins.
Preloading 0 native plugins for Editor in 0.00 ms.
Unloading 1548 Unused Serialized files (Serialized files now loaded: 0)
System memory in use before: 78.2 MB.
System memory in use after: 78.3 MB.

Unloading 20 unused Assets to reduce memory usage. Loaded Objects now: 2109.
Total: 2.660100 ms (FindLiveObjects: 0.154700 ms CreateObjectMapping: 0.048000 ms MarkObjects: 2.398600 ms  DeleteObjects: 0.058000 ms)

AssetImportParameters requested are different than current active one (requested -> active):
  custom:framework-win-MediaFoundation: 216162199b28c13a410421893ffa2e32 -> 
  custom:video-decoder-ogg-theora: a1e56fd34408186e4bbccfd4996cb3dc -> 
  custom:container-muxer-webm: aa71ff27fc2769a1b78a27578f13a17b -> 
  custom:container-demuxer-webm: 4f35f7cbe854078d1ac9338744f61a02 -> 
  custom:container-demuxer-ogg: 62fdf1f143b41e24485cea50d1cbac27 -> 
  custom:video-encoder-webm-vp8: eb34c28f22e8b96e1ab97ce403110664 -> 
  custom:video-decoder-webm-vp8: 9c59270c3fd7afecdb556c50c9e8de78 -> 
  custom:graphics/normal-map-encoding: 01000000000000000000000000000000 -> 02000000000000000000000000000000
  custom:audio-decoder-ogg-vorbis: bf7c407c2cedff20999df2af8eb42d56 -> 
  custom:audio-encoder-webm-vorbis: bf7c407c2cedff20999df2af8eb42d56 -> 
========================================================================
Received Prepare
Registering precompiled user dll's ...
Registered in 0.001968 seconds.
Begin MonoManager ReloadAssembly
Native extension for WindowsStandalone target not found
Refreshing native plugins compatible for Editor in 0.36 ms, found 2 plugins.
Preloading 0 native plugins for Editor in 0.00 ms.
Mono: successfully reloaded assembly
- Completed reload, in  1.071 seconds
Domain Reload Profiling:
	ReloadAssembly (1072ms)
		BeginReloadAssembly (73ms)
			ExecutionOrderSort (0ms)
			DisableScriptedObjects (3ms)
			BackupInstance (0ms)
			ReleaseScriptingObjects (0ms)
			CreateAndSetChildDomain (26ms)
		EndReloadAssembly (958ms)
			LoadAssemblies (56ms)
			RebuildTransferFunctionScriptingTraits (0ms)
			SetupTypeCache (210ms)
			ReleaseScriptCaches (1ms)
			RebuildScriptCaches (29ms)
			SetupLoadedEditorAssemblies (575ms)
				LogAssemblyErrors (0ms)
				InitializePlatformSupportModulesInManaged (3ms)
				SetLoadedEditorAssemblies (0ms)
				RefreshPlugins (0ms)
				BeforeProcessingInitializeOnLoad (49ms)
				ProcessInitializeOnLoadAttributes (198ms)
				ProcessInitializeOnLoadMethodAttributes (322ms)
				AfterProcessingInitializeOnLoad (1ms)
				EditorAssembliesLoaded (0ms)
			ExecutionOrderSort2 (0ms)
			AwakeInstancesAfterBackupRestoration (5ms)
Platform modules already initialized, skipping
Switching build target platform(19) subTarget(0) extendedPlatform(0) -> platform(13) subTarget(537395200) extendedPlatform(0)
Refreshing native plugins compatible for Editor in 0.34 ms, found 2 plugins.
Preloading 0 native plugins for Editor in 0.00 ms.
Unloading 1548 Unused Serialized files (Serialized files now loaded: 0)
System memory in use before: 78.4 MB.
System memory in use after: 78.4 MB.

Unloading 20 unused Assets to reduce memory usage. Loaded Objects now: 2113.
Total: 2.785800 ms (FindLiveObjects: 0.157300 ms CreateObjectMapping: 0.045200 ms MarkObjects: 2.530900 ms  DeleteObjects: 0.051600 ms)

AssetImportParameters requested are different than current active one (requested -> active):
  custom:framework-win-MediaFoundation: 216162199b28c13a410421893ffa2e32 -> 
  custom:video-decoder-ogg-theora: a1e56fd34408186e4bbccfd4996cb3dc -> 
  custom:container-muxer-webm: aa71ff27fc2769a1b78a27578f13a17b -> 
  custom:container-demuxer-webm: 4f35f7cbe854078d1ac9338744f61a02 -> 
  custom:container-demuxer-ogg: 62fdf1f143b41e24485cea50d1cbac27 -> 
  custom:video-encoder-webm-vp8: eb34c28f22e8b96e1ab97ce403110664 -> 
  custom:video-decoder-webm-vp8: 9c59270c3fd7afecdb556c50c9e8de78 -> 
  custom:graphics/normal-map-encoding: 01000000000000000000000000000000 -> 02000000000000000000000000000000
  custom:audio-decoder-ogg-vorbis: bf7c407c2cedff20999df2af8eb42d56 -> 
  custom:audio-encoder-webm-vorbis: bf7c407c2cedff20999df2af8eb42d56 -> 
========================================================================
Received Import Request.
  Time since last request: 599.015928 seconds.
  path: Assets/Animations/Character/Main/main_char.controller
  artifactKey: Guid(34c02ae2ab024b142982322beb7ff705) Importer(815301076,1909f56bfc062723c751e8b465ee728b)
Start importing Assets/Animations/Character/Main/main_char.controller using Guid(34c02ae2ab024b142982322beb7ff705) Importer(815301076,1909f56bfc062723c751e8b465ee728b)  -> (artifact id: '69108b7315433a5eb1e7f951d025d274') in 0.248484 seconds 
  Import took 0.255790 seconds .

========================================================================
Received Prepare
Registering precompiled user dll's ...
Registered in 0.002018 seconds.
Begin MonoManager ReloadAssembly
Native extension for WindowsStandalone target not found
Refreshing native plugins compatible for Editor in 0.35 ms, found 2 plugins.
Preloading 0 native plugins for Editor in 0.00 ms.
Mono: successfully reloaded assembly
- Completed reload, in  1.074 seconds
Domain Reload Profiling:
	ReloadAssembly (1075ms)
		BeginReloadAssembly (75ms)
			ExecutionOrderSort (0ms)
			DisableScriptedObjects (3ms)
			BackupInstance (0ms)
			ReleaseScriptingObjects (0ms)
			CreateAndSetChildDomain (27ms)
		EndReloadAssembly (958ms)
			LoadAssemblies (58ms)
			RebuildTransferFunctionScriptingTraits (0ms)
			SetupTypeCache (210ms)
			ReleaseScriptCaches (1ms)
			RebuildScriptCaches (28ms)
			SetupLoadedEditorAssemblies (576ms)
				LogAssemblyErrors (0ms)
				InitializePlatformSupportModulesInManaged (3ms)
				SetLoadedEditorAssemblies (0ms)
				RefreshPlugins (0ms)
				BeforeProcessingInitializeOnLoad (49ms)
				ProcessInitializeOnLoadAttributes (203ms)
				ProcessInitializeOnLoadMethodAttributes (319ms)
				AfterProcessingInitializeOnLoad (1ms)
				EditorAssembliesLoaded (0ms)
			ExecutionOrderSort2 (0ms)
			AwakeInstancesAfterBackupRestoration (5ms)
Platform modules already initialized, skipping
Switching build target platform(19) subTarget(0) extendedPlatform(0) -> platform(13) subTarget(537395200) extendedPlatform(0)
Refreshing native plugins compatible for Editor in 0.35 ms, found 2 plugins.
Preloading 0 native plugins for Editor in 0.00 ms.
Unloading 1548 Unused Serialized files (Serialized files now loaded: 0)
System memory in use before: 78.5 MB.
System memory in use after: 78.6 MB.

Unloading 20 unused Assets to reduce memory usage. Loaded Objects now: 2117.
Total: 2.712900 ms (FindLiveObjects: 0.164900 ms CreateObjectMapping: 0.051700 ms MarkObjects: 2.443100 ms  DeleteObjects: 0.052400 ms)

AssetImportParameters requested are different than current active one (requested -> active):
  custom:framework-win-MediaFoundation: 216162199b28c13a410421893ffa2e32 -> 
  custom:video-decoder-ogg-theora: a1e56fd34408186e4bbccfd4996cb3dc -> 
  custom:container-muxer-webm: aa71ff27fc2769a1b78a27578f13a17b -> 
  custom:container-demuxer-webm: 4f35f7cbe854078d1ac9338744f61a02 -> 
  custom:container-demuxer-ogg: 62fdf1f143b41e24485cea50d1cbac27 -> 
  custom:video-encoder-webm-vp8: eb34c28f22e8b96e1ab97ce403110664 -> 
  custom:video-decoder-webm-vp8: 9c59270c3fd7afecdb556c50c9e8de78 -> 
  custom:graphics/normal-map-encoding: 01000000000000000000000000000000 -> 02000000000000000000000000000000
  custom:audio-decoder-ogg-vorbis: bf7c407c2cedff20999df2af8eb42d56 -> 
  custom:audio-encoder-webm-vorbis: bf7c407c2cedff20999df2af8eb42d56 -> 
========================================================================
Received Prepare
Registering precompiled user dll's ...
Registered in 0.001994 seconds.
Begin MonoManager ReloadAssembly
Native extension for WindowsStandalone target not found
Refreshing native plugins compatible for Editor in 0.34 ms, found 2 plugins.
Preloading 0 native plugins for Editor in 0.00 ms.
Mono: successfully reloaded assembly
- Completed reload, in  1.105 seconds
Domain Reload Profiling:
	ReloadAssembly (1105ms)
		BeginReloadAssembly (74ms)
			ExecutionOrderSort (0ms)
			DisableScriptedObjects (3ms)
			BackupInstance (0ms)
			ReleaseScriptingObjects (0ms)
			CreateAndSetChildDomain (25ms)
		EndReloadAssembly (990ms)
			LoadAssemblies (58ms)
			RebuildTransferFunctionScriptingTraits (0ms)
			SetupTypeCache (219ms)
			ReleaseScriptCaches (1ms)
			RebuildScriptCaches (29ms)
			SetupLoadedEditorAssemblies (589ms)
				LogAssemblyErrors (0ms)
				InitializePlatformSupportModulesInManaged (3ms)
				SetLoadedEditorAssemblies (0ms)
				RefreshPlugins (0ms)
				BeforeProcessingInitializeOnLoad (50ms)
				ProcessInitializeOnLoadAttributes (201ms)
				ProcessInitializeOnLoadMethodAttributes (333ms)
				AfterProcessingInitializeOnLoad (1ms)
				EditorAssembliesLoaded (0ms)
			ExecutionOrderSort2 (0ms)
			AwakeInstancesAfterBackupRestoration (5ms)
Platform modules already initialized, skipping
Switching build target platform(19) subTarget(0) extendedPlatform(0) -> platform(13) subTarget(537395200) extendedPlatform(0)
Refreshing native plugins compatible for Editor in 0.39 ms, found 2 plugins.
Preloading 0 native plugins for Editor in 0.00 ms.
Unloading 1548 Unused Serialized files (Serialized files now loaded: 0)
System memory in use before: 78.7 MB.
System memory in use after: 78.8 MB.

Unloading 20 unused Assets to reduce memory usage. Loaded Objects now: 2121.
Total: 2.863000 ms (FindLiveObjects: 0.153000 ms CreateObjectMapping: 0.048300 ms MarkObjects: 2.606700 ms  DeleteObjects: 0.054100 ms)

AssetImportParameters requested are different than current active one (requested -> active):
  custom:framework-win-MediaFoundation: 216162199b28c13a410421893ffa2e32 -> 
  custom:video-decoder-ogg-theora: a1e56fd34408186e4bbccfd4996cb3dc -> 
  custom:container-muxer-webm: aa71ff27fc2769a1b78a27578f13a17b -> 
  custom:container-demuxer-webm: 4f35f7cbe854078d1ac9338744f61a02 -> 
  custom:container-demuxer-ogg: 62fdf1f143b41e24485cea50d1cbac27 -> 
  custom:video-encoder-webm-vp8: eb34c28f22e8b96e1ab97ce403110664 -> 
  custom:video-decoder-webm-vp8: 9c59270c3fd7afecdb556c50c9e8de78 -> 
  custom:graphics/normal-map-encoding: 01000000000000000000000000000000 -> 02000000000000000000000000000000
  custom:audio-decoder-ogg-vorbis: bf7c407c2cedff20999df2af8eb42d56 -> 
  custom:audio-encoder-webm-vorbis: bf7c407c2cedff20999df2af8eb42d56 -> 
========================================================================
Received Prepare
Registering precompiled user dll's ...
Registered in 0.001924 seconds.
Begin MonoManager ReloadAssembly
Native extension for WindowsStandalone target not found
Refreshing native plugins compatible for Editor in 0.34 ms, found 2 plugins.
Preloading 0 native plugins for Editor in 0.00 ms.
Mono: successfully reloaded assembly
- Completed reload, in  1.086 seconds
Domain Reload Profiling:
	ReloadAssembly (1087ms)
		BeginReloadAssembly (77ms)
			ExecutionOrderSort (0ms)
			DisableScriptedObjects (3ms)
			BackupInstance (0ms)
			ReleaseScriptingObjects (0ms)
			CreateAndSetChildDomain (29ms)
		EndReloadAssembly (968ms)
			LoadAssemblies (57ms)
			RebuildTransferFunctionScriptingTraits (0ms)
			SetupTypeCache (213ms)
			ReleaseScriptCaches (1ms)
			RebuildScriptCaches (29ms)
			SetupLoadedEditorAssemblies (575ms)
				LogAssemblyErrors (0ms)
				InitializePlatformSupportModulesInManaged (3ms)
				SetLoadedEditorAssemblies (0ms)
				RefreshPlugins (0ms)
				BeforeProcessingInitializeOnLoad (48ms)
				ProcessInitializeOnLoadAttributes (198ms)
				ProcessInitializeOnLoadMethodAttributes (323ms)
				AfterProcessingInitializeOnLoad (1ms)
				EditorAssembliesLoaded (0ms)
			ExecutionOrderSort2 (0ms)
			AwakeInstancesAfterBackupRestoration (5ms)
Platform modules already initialized, skipping
Switching build target platform(19) subTarget(0) extendedPlatform(0) -> platform(13) subTarget(537395200) extendedPlatform(0)
Refreshing native plugins compatible for Editor in 0.33 ms, found 2 plugins.
Preloading 0 native plugins for Editor in 0.00 ms.
Unloading 1548 Unused Serialized files (Serialized files now loaded: 0)
System memory in use before: 78.9 MB.
System memory in use after: 79.0 MB.

Unloading 20 unused Assets to reduce memory usage. Loaded Objects now: 2125.
Total: 2.591000 ms (FindLiveObjects: 0.143600 ms CreateObjectMapping: 0.047100 ms MarkObjects: 2.352100 ms  DeleteObjects: 0.047600 ms)

AssetImportParameters requested are different than current active one (requested -> active):
  custom:framework-win-MediaFoundation: 216162199b28c13a410421893ffa2e32 -> 
  custom:video-decoder-ogg-theora: a1e56fd34408186e4bbccfd4996cb3dc -> 
  custom:container-muxer-webm: aa71ff27fc2769a1b78a27578f13a17b -> 
  custom:container-demuxer-webm: 4f35f7cbe854078d1ac9338744f61a02 -> 
  custom:container-demuxer-ogg: 62fdf1f143b41e24485cea50d1cbac27 -> 
  custom:video-encoder-webm-vp8: eb34c28f22e8b96e1ab97ce403110664 -> 
  custom:video-decoder-webm-vp8: 9c59270c3fd7afecdb556c50c9e8de78 -> 
  custom:graphics/normal-map-encoding: 01000000000000000000000000000000 -> 02000000000000000000000000000000
  custom:audio-decoder-ogg-vorbis: bf7c407c2cedff20999df2af8eb42d56 -> 
  custom:audio-encoder-webm-vorbis: bf7c407c2cedff20999df2af8eb42d56 -> 
========================================================================
Received Prepare
Registering precompiled user dll's ...
Registered in 0.001953 seconds.
Begin MonoManager ReloadAssembly
Native extension for WindowsStandalone target not found
Refreshing native plugins compatible for Editor in 0.34 ms, found 2 plugins.
Preloading 0 native plugins for Editor in 0.00 ms.
Mono: successfully reloaded assembly
- Completed reload, in  1.095 seconds
Domain Reload Profiling:
	ReloadAssembly (1096ms)
		BeginReloadAssembly (77ms)
			ExecutionOrderSort (0ms)
			DisableScriptedObjects (4ms)
			BackupInstance (0ms)
			ReleaseScriptingObjects (0ms)
			CreateAndSetChildDomain (25ms)
		EndReloadAssembly (977ms)
			LoadAssemblies (60ms)
			RebuildTransferFunctionScriptingTraits (0ms)
			SetupTypeCache (212ms)
			ReleaseScriptCaches (1ms)
			RebuildScriptCaches (29ms)
			SetupLoadedEditorAssemblies (587ms)
				LogAssemblyErrors (0ms)
				InitializePlatformSupportModulesInManaged (3ms)
				SetLoadedEditorAssemblies (0ms)
				RefreshPlugins (0ms)
				BeforeProcessingInitializeOnLoad (49ms)
				ProcessInitializeOnLoadAttributes (207ms)
				ProcessInitializeOnLoadMethodAttributes (325ms)
				AfterProcessingInitializeOnLoad (1ms)
				EditorAssembliesLoaded (0ms)
			ExecutionOrderSort2 (0ms)
			AwakeInstancesAfterBackupRestoration (5ms)
Platform modules already initialized, skipping
Switching build target platform(19) subTarget(0) extendedPlatform(0) -> platform(13) subTarget(537395200) extendedPlatform(0)
Refreshing native plugins compatible for Editor in 0.34 ms, found 2 plugins.
Preloading 0 native plugins for Editor in 0.00 ms.
Unloading 1548 Unused Serialized files (Serialized files now loaded: 0)
System memory in use before: 79.1 MB.
System memory in use after: 79.1 MB.

Unloading 20 unused Assets to reduce memory usage. Loaded Objects now: 2129.
Total: 2.663400 ms (FindLiveObjects: 0.142500 ms CreateObjectMapping: 0.045600 ms MarkObjects: 2.421600 ms  DeleteObjects: 0.053000 ms)

AssetImportParameters requested are different than current active one (requested -> active):
  custom:framework-win-MediaFoundation: 216162199b28c13a410421893ffa2e32 -> 
  custom:video-decoder-ogg-theora: a1e56fd34408186e4bbccfd4996cb3dc -> 
  custom:container-muxer-webm: aa71ff27fc2769a1b78a27578f13a17b -> 
  custom:container-demuxer-webm: 4f35f7cbe854078d1ac9338744f61a02 -> 
  custom:container-demuxer-ogg: 62fdf1f143b41e24485cea50d1cbac27 -> 
  custom:video-encoder-webm-vp8: eb34c28f22e8b96e1ab97ce403110664 -> 
  custom:video-decoder-webm-vp8: 9c59270c3fd7afecdb556c50c9e8de78 -> 
  custom:graphics/normal-map-encoding: 01000000000000000000000000000000 -> 02000000000000000000000000000000
  custom:audio-decoder-ogg-vorbis: bf7c407c2cedff20999df2af8eb42d56 -> 
  custom:audio-encoder-webm-vorbis: bf7c407c2cedff20999df2af8eb42d56 -> 
========================================================================
Received Prepare
Registering precompiled user dll's ...
Registered in 0.001943 seconds.
Begin MonoManager ReloadAssembly
Native extension for WindowsStandalone target not found
Refreshing native plugins compatible for Editor in 0.38 ms, found 2 plugins.
Preloading 0 native plugins for Editor in 0.00 ms.
Mono: successfully reloaded assembly
- Completed reload, in  1.107 seconds
Domain Reload Profiling:
	ReloadAssembly (1108ms)
		BeginReloadAssembly (72ms)
			ExecutionOrderSort (0ms)
			DisableScriptedObjects (3ms)
			BackupInstance (0ms)
			ReleaseScriptingObjects (0ms)
			CreateAndSetChildDomain (26ms)
		EndReloadAssembly (995ms)
			LoadAssemblies (55ms)
			RebuildTransferFunctionScriptingTraits (0ms)
			SetupTypeCache (220ms)
			ReleaseScriptCaches (1ms)
			RebuildScriptCaches (30ms)
			SetupLoadedEditorAssemblies (591ms)
				LogAssemblyErrors (0ms)
				InitializePlatformSupportModulesInManaged (3ms)
				SetLoadedEditorAssemblies (0ms)
				RefreshPlugins (0ms)
				BeforeProcessingInitializeOnLoad (51ms)
				ProcessInitializeOnLoadAttributes (214ms)
				ProcessInitializeOnLoadMethodAttributes (321ms)
				AfterProcessingInitializeOnLoad (1ms)
				EditorAssembliesLoaded (0ms)
			ExecutionOrderSort2 (0ms)
			AwakeInstancesAfterBackupRestoration (5ms)
Platform modules already initialized, skipping
Switching build target platform(19) subTarget(0) extendedPlatform(0) -> platform(13) subTarget(537395200) extendedPlatform(0)
Refreshing native plugins compatible for Editor in 0.33 ms, found 2 plugins.
Preloading 0 native plugins for Editor in 0.00 ms.
Unloading 1548 Unused Serialized files (Serialized files now loaded: 0)
System memory in use before: 79.2 MB.
System memory in use after: 79.3 MB.

Unloading 20 unused Assets to reduce memory usage. Loaded Objects now: 2133.
Total: 2.676200 ms (FindLiveObjects: 0.142100 ms CreateObjectMapping: 0.045800 ms MarkObjects: 2.436700 ms  DeleteObjects: 0.050600 ms)

AssetImportParameters requested are different than current active one (requested -> active):
  custom:framework-win-MediaFoundation: 216162199b28c13a410421893ffa2e32 -> 
  custom:video-decoder-ogg-theora: a1e56fd34408186e4bbccfd4996cb3dc -> 
  custom:container-muxer-webm: aa71ff27fc2769a1b78a27578f13a17b -> 
  custom:container-demuxer-webm: 4f35f7cbe854078d1ac9338744f61a02 -> 
  custom:container-demuxer-ogg: 62fdf1f143b41e24485cea50d1cbac27 -> 
  custom:video-encoder-webm-vp8: eb34c28f22e8b96e1ab97ce403110664 -> 
  custom:video-decoder-webm-vp8: 9c59270c3fd7afecdb556c50c9e8de78 -> 
  custom:graphics/normal-map-encoding: 01000000000000000000000000000000 -> 02000000000000000000000000000000
  custom:audio-decoder-ogg-vorbis: bf7c407c2cedff20999df2af8eb42d56 -> 
  custom:audio-encoder-webm-vorbis: bf7c407c2cedff20999df2af8eb42d56 -> 
========================================================================
Received Import Request.
  Time since last request: 486.347869 seconds.
  path: Assets/Animations/Character/Main/hint hand.anim
  artifactKey: Guid(c28e7008251b6b7498b5683138299d59) Importer(815301076,1909f56bfc062723c751e8b465ee728b)
Start importing Assets/Animations/Character/Main/hint hand.anim using Guid(c28e7008251b6b7498b5683138299d59) Importer(815301076,1909f56bfc062723c751e8b465ee728b)  -> (artifact id: '41b24f68b87cec86f6fac7488f26e276') in 0.011553 seconds 
  Import took 0.013806 seconds .

========================================================================
Received Prepare
Registering precompiled user dll's ...
Registered in 0.001935 seconds.
Begin MonoManager ReloadAssembly
Native extension for WindowsStandalone target not found
Refreshing native plugins compatible for Editor in 0.37 ms, found 2 plugins.
Preloading 0 native plugins for Editor in 0.00 ms.
Mono: successfully reloaded assembly
- Completed reload, in  1.080 seconds
Domain Reload Profiling:
	ReloadAssembly (1081ms)
		BeginReloadAssembly (71ms)
			ExecutionOrderSort (0ms)
			DisableScriptedObjects (3ms)
			BackupInstance (0ms)
			ReleaseScriptingObjects (0ms)
			CreateAndSetChildDomain (25ms)
		EndReloadAssembly (969ms)
			LoadAssemblies (55ms)
			RebuildTransferFunctionScriptingTraits (0ms)
			SetupTypeCache (205ms)
			ReleaseScriptCaches (1ms)
			RebuildScriptCaches (32ms)
			SetupLoadedEditorAssemblies (577ms)
				LogAssemblyErrors (0ms)
				InitializePlatformSupportModulesInManaged (3ms)
				SetLoadedEditorAssemblies (0ms)
				RefreshPlugins (0ms)
				BeforeProcessingInitializeOnLoad (49ms)
				ProcessInitializeOnLoadAttributes (199ms)
				ProcessInitializeOnLoadMethodAttributes (324ms)
				AfterProcessingInitializeOnLoad (1ms)
				EditorAssembliesLoaded (0ms)
			ExecutionOrderSort2 (0ms)
			AwakeInstancesAfterBackupRestoration (5ms)
Platform modules already initialized, skipping
Switching build target platform(19) subTarget(0) extendedPlatform(0) -> platform(13) subTarget(537395200) extendedPlatform(0)
Refreshing native plugins compatible for Editor in 0.35 ms, found 2 plugins.
Preloading 0 native plugins for Editor in 0.00 ms.
Unloading 1548 Unused Serialized files (Serialized files now loaded: 0)
System memory in use before: 79.4 MB.
System memory in use after: 79.5 MB.

Unloading 20 unused Assets to reduce memory usage. Loaded Objects now: 2137.
Total: 2.639000 ms (FindLiveObjects: 0.151800 ms CreateObjectMapping: 0.048100 ms MarkObjects: 2.383400 ms  DeleteObjects: 0.055000 ms)

AssetImportParameters requested are different than current active one (requested -> active):
  custom:framework-win-MediaFoundation: 216162199b28c13a410421893ffa2e32 -> 
  custom:video-decoder-ogg-theora: a1e56fd34408186e4bbccfd4996cb3dc -> 
  custom:container-muxer-webm: aa71ff27fc2769a1b78a27578f13a17b -> 
  custom:container-demuxer-webm: 4f35f7cbe854078d1ac9338744f61a02 -> 
  custom:container-demuxer-ogg: 62fdf1f143b41e24485cea50d1cbac27 -> 
  custom:video-encoder-webm-vp8: eb34c28f22e8b96e1ab97ce403110664 -> 
  custom:video-decoder-webm-vp8: 9c59270c3fd7afecdb556c50c9e8de78 -> 
  custom:graphics/normal-map-encoding: 01000000000000000000000000000000 -> 02000000000000000000000000000000
  custom:audio-decoder-ogg-vorbis: bf7c407c2cedff20999df2af8eb42d56 -> 
  custom:audio-encoder-webm-vorbis: bf7c407c2cedff20999df2af8eb42d56 -> 
========================================================================
Received Prepare
Registering precompiled user dll's ...
Registered in 0.001948 seconds.
Begin MonoManager ReloadAssembly
Native extension for WindowsStandalone target not found
Refreshing native plugins compatible for Editor in 0.34 ms, found 2 plugins.
Preloading 0 native plugins for Editor in 0.00 ms.
Mono: successfully reloaded assembly
- Completed reload, in  1.086 seconds
Domain Reload Profiling:
	ReloadAssembly (1087ms)
		BeginReloadAssembly (76ms)
			ExecutionOrderSort (0ms)
			DisableScriptedObjects (4ms)
			BackupInstance (0ms)
			ReleaseScriptingObjects (0ms)
			CreateAndSetChildDomain (26ms)
		EndReloadAssembly (970ms)
			LoadAssemblies (58ms)
			RebuildTransferFunctionScriptingTraits (0ms)
			SetupTypeCache (209ms)
			ReleaseScriptCaches (1ms)
			RebuildScriptCaches (29ms)
			SetupLoadedEditorAssemblies (581ms)
				LogAssemblyErrors (0ms)
				InitializePlatformSupportModulesInManaged (3ms)
				SetLoadedEditorAssemblies (0ms)
				RefreshPlugins (0ms)
				BeforeProcessingInitializeOnLoad (49ms)
				ProcessInitializeOnLoadAttributes (196ms)
				ProcessInitializeOnLoadMethodAttributes (331ms)
				AfterProcessingInitializeOnLoad (1ms)
				EditorAssembliesLoaded (0ms)
			ExecutionOrderSort2 (0ms)
			AwakeInstancesAfterBackupRestoration (5ms)
Platform modules already initialized, skipping
Switching build target platform(19) subTarget(0) extendedPlatform(0) -> platform(13) subTarget(537395200) extendedPlatform(0)
Refreshing native plugins compatible for Editor in 0.33 ms, found 2 plugins.
Preloading 0 native plugins for Editor in 0.00 ms.
Unloading 1548 Unused Serialized files (Serialized files now loaded: 0)
System memory in use before: 79.6 MB.
System memory in use after: 79.7 MB.

Unloading 20 unused Assets to reduce memory usage. Loaded Objects now: 2141.
Total: 2.630500 ms (FindLiveObjects: 0.145200 ms CreateObjectMapping: 0.055200 ms MarkObjects: 2.382900 ms  DeleteObjects: 0.046600 ms)

AssetImportParameters requested are different than current active one (requested -> active):
  custom:framework-win-MediaFoundation: 216162199b28c13a410421893ffa2e32 -> 
  custom:video-decoder-ogg-theora: a1e56fd34408186e4bbccfd4996cb3dc -> 
  custom:container-muxer-webm: aa71ff27fc2769a1b78a27578f13a17b -> 
  custom:container-demuxer-webm: 4f35f7cbe854078d1ac9338744f61a02 -> 
  custom:container-demuxer-ogg: 62fdf1f143b41e24485cea50d1cbac27 -> 
  custom:video-encoder-webm-vp8: eb34c28f22e8b96e1ab97ce403110664 -> 
  custom:video-decoder-webm-vp8: 9c59270c3fd7afecdb556c50c9e8de78 -> 
  custom:graphics/normal-map-encoding: 01000000000000000000000000000000 -> 02000000000000000000000000000000
  custom:audio-decoder-ogg-vorbis: bf7c407c2cedff20999df2af8eb42d56 -> 
  custom:audio-encoder-webm-vorbis: bf7c407c2cedff20999df2af8eb42d56 -> 
========================================================================
Received Import Request.
  Time since last request: 416.063571 seconds.
  path: Assets/SVC_Luna.asset
  artifactKey: Guid(fba39a0e6f37dfe4380d096a6668ee0b) Importer(815301076,1909f56bfc062723c751e8b465ee728b)
Start importing Assets/SVC_Luna.asset using Guid(fba39a0e6f37dfe4380d096a6668ee0b) Importer(815301076,1909f56bfc062723c751e8b465ee728b)  -> (artifact id: '932e63f1362de992ec4ea3b89c0c52eb') in 0.012228 seconds 
  Import took 0.014942 seconds .

========================================================================
Received Import Request.
  Time since last request: 75.261673 seconds.
  path: Assets/Models/Enemy/hat_D.png
  artifactKey: Guid(725178a40e74a834aa59eabacb36ab6d) Importer(815301076,1909f56bfc062723c751e8b465ee728b)
Start importing Assets/Models/Enemy/hat_D.png using Guid(725178a40e74a834aa59eabacb36ab6d) Importer(815301076,1909f56bfc062723c751e8b465ee728b)  -> (artifact id: 'c6cae6a999745842222e02c6f097dfe6') in 0.022780 seconds 
  Import took 0.025064 seconds .

========================================================================
Received Import Request.
  Time since last request: 18.388438 seconds.
  path: Assets/Models/Enemy/enemy_v01.fbx
  artifactKey: Guid(24cc8b8306597354089939c577b1e483) Importer(815301076,1909f56bfc062723c751e8b465ee728b)
Start importing Assets/Models/Enemy/enemy_v01.fbx using Guid(24cc8b8306597354089939c577b1e483) Importer(815301076,1909f56bfc062723c751e8b465ee728b)  -> (artifact id: 'd4ce3265ed8576f5f83c80c3101e0d0a') in 0.087174 seconds 
  Import took 0.089636 seconds .

========================================================================
Received Import Request.
  Time since last request: 0.000125 seconds.
  path: Assets/Models/Enemy/hat3.fbx
  artifactKey: Guid(a993b019457f4864dad77eac8cdf1240) Importer(815301076,1909f56bfc062723c751e8b465ee728b)
Start importing Assets/Models/Enemy/hat3.fbx using Guid(a993b019457f4864dad77eac8cdf1240) Importer(815301076,1909f56bfc062723c751e8b465ee728b)  -> (artifact id: '55d2aa31eed690b7eaf37a18fd713a5f') in 0.021017 seconds 
  Import took 0.023038 seconds .

========================================================================
Received Import Request.
  Time since last request: 0.000184 seconds.
  path: Assets/Models/Enemy/hat2.fbx
  artifactKey: Guid(cc1091e818634d74bb8b4415ce25874d) Importer(815301076,1909f56bfc062723c751e8b465ee728b)
Start importing Assets/Models/Enemy/hat2.fbx using Guid(cc1091e818634d74bb8b4415ce25874d) Importer(815301076,1909f56bfc062723c751e8b465ee728b)  -> (artifact id: 'c77c2effa550bc21c2c7aeae33bdbc6d') in 0.031218 seconds 
  Import took 0.033518 seconds .

========================================================================
Received Import Request.
  Time since last request: 0.000115 seconds.
  path: Assets/Models/Enemy/hat1.fbx
  artifactKey: Guid(52fde88b61faba44bb7f9674e6c735c5) Importer(815301076,1909f56bfc062723c751e8b465ee728b)
Start importing Assets/Models/Enemy/hat1.fbx using Guid(52fde88b61faba44bb7f9674e6c735c5) Importer(815301076,1909f56bfc062723c751e8b465ee728b)  -> (artifact id: 'efc9de323d5add86ed97896db22aae23') in 0.026156 seconds 
  Import took 0.028140 seconds .

========================================================================
Received Import Request.
  Time since last request: 5.802725 seconds.
  path: Assets/Models/Envi/floor_D.png
  artifactKey: Guid(fbb378d6470246c4799d5e4fd736f69a) Importer(815301076,1909f56bfc062723c751e8b465ee728b)
Start importing Assets/Models/Envi/floor_D.png using Guid(fbb378d6470246c4799d5e4fd736f69a) Importer(815301076,1909f56bfc062723c751e8b465ee728b)  -> (artifact id: 'a84b7173eb8f9202aa7b5f3381a1d36f') in 0.010711 seconds 
  Import took 0.012900 seconds .

========================================================================
Received Import Request.
  Time since last request: 24.633636 seconds.
  path: Assets/Models/Envi/temple_scene.png
  artifactKey: Guid(6a152b7b2b90f494682fe6de1bf43939) Importer(815301076,1909f56bfc062723c751e8b465ee728b)
Start importing Assets/Models/Envi/temple_scene.png using Guid(6a152b7b2b90f494682fe6de1bf43939) Importer(815301076,1909f56bfc062723c751e8b465ee728b)  -> (artifact id: '6b9033a9dda0cc34dee067e190d12218') in 0.008487 seconds 
  Import took 0.010644 seconds .

========================================================================
Received Import Request.
  Time since last request: 6.362943 seconds.
  path: Assets/Models/Envi/arena.fbx
  artifactKey: Guid(8a9aa98e1e4e86a4f88b80b718cd8f36) Importer(815301076,1909f56bfc062723c751e8b465ee728b)
Start importing Assets/Models/Envi/arena.fbx using Guid(8a9aa98e1e4e86a4f88b80b718cd8f36) Importer(815301076,1909f56bfc062723c751e8b465ee728b)  -> (artifact id: '5a2adf455940b3ee4944c65d947610a9') in 0.042592 seconds 
  Import took 0.044807 seconds .

========================================================================
Received Import Request.
  Time since last request: 0.000127 seconds.
  path: Assets/Models/Envi/New_temple_scene.fbx
  artifactKey: Guid(25b05238847496b449f930b8b4633aa9) Importer(815301076,1909f56bfc062723c751e8b465ee728b)
Start importing Assets/Models/Envi/New_temple_scene.fbx using Guid(25b05238847496b449f930b8b4633aa9) Importer(815301076,1909f56bfc062723c751e8b465ee728b)  -> (artifact id: '41f8c33bcc534611e69a1f2dd68cb553') in 0.038297 seconds 
  Import took 0.040347 seconds .

========================================================================
Received Import Request.
  Time since last request: 0.000117 seconds.
  path: Assets/Models/Envi/new_Sphinx.FBX
  artifactKey: Guid(8f500c1f1c0893e4890917ddd29980ac) Importer(815301076,1909f56bfc062723c751e8b465ee728b)
Start importing Assets/Models/Envi/new_Sphinx.FBX using Guid(8f500c1f1c0893e4890917ddd29980ac) Importer(815301076,1909f56bfc062723c751e8b465ee728b)  -> (artifact id: '84d9cb0003e0aa07c55a27cd9db5b7c7') in 0.040330 seconds 
  Import took 0.042355 seconds .

========================================================================
Received Import Request.
  Time since last request: 0.000276 seconds.
  path: Assets/Models/Envi/pyramid.fbx
  artifactKey: Guid(59f12e373e3f26641b8134b83b83250a) Importer(815301076,1909f56bfc062723c751e8b465ee728b)
Start importing Assets/Models/Envi/pyramid.fbx using Guid(59f12e373e3f26641b8134b83b83250a) Importer(815301076,1909f56bfc062723c751e8b465ee728b)  -> (artifact id: '063e514b3d599d25fef83186008d73dc') in 0.045513 seconds 
  Import took 0.047664 seconds .

========================================================================
Received Import Request.
  Time since last request: 11.094688 seconds.
  path: Assets/Models/Main/char_main_tex.png
  artifactKey: Guid(0d0da8f449d3a7943a06c178061cb49e) Importer(815301076,1909f56bfc062723c751e8b465ee728b)
Start importing Assets/Models/Main/char_main_tex.png using Guid(0d0da8f449d3a7943a06c178061cb49e) Importer(815301076,1909f56bfc062723c751e8b465ee728b)  -> (artifact id: '1708d00e5ce9390d237d6ab110a4ed60') in 0.005631 seconds 
  Import took 0.007919 seconds .

========================================================================
Received Import Request.
  Time since last request: 8.324184 seconds.
  path: Assets/Models/Main/human_female_all.fbx
  artifactKey: Guid(41d23d30ba94d1b40a10440cb1202ae7) Importer(815301076,1909f56bfc062723c751e8b465ee728b)
Start importing Assets/Models/Main/human_female_all.fbx using Guid(41d23d30ba94d1b40a10440cb1202ae7) Importer(815301076,1909f56bfc062723c751e8b465ee728b)  -> (artifact id: 'a9e5f576b2952108e7fc81f8b1075b37') in 0.205746 seconds 
  Import took 0.208373 seconds .

========================================================================
Received Import Request.
  Time since last request: 8.248461 seconds.
  path: Assets/Models/Main/skin_11.jpg
  artifactKey: Guid(f466eca951c7d8947aac1be32d846b63) Importer(815301076,1909f56bfc062723c751e8b465ee728b)
Start importing Assets/Models/Main/skin_11.jpg using Guid(f466eca951c7d8947aac1be32d846b63) Importer(815301076,1909f56bfc062723c751e8b465ee728b)  -> (artifact id: '745349a907a3e2b079141a5d197486aa') in 0.012550 seconds 
  Import took 0.014856 seconds .

========================================================================
Received Import Request.
  Time since last request: 3.326399 seconds.
  path: Assets/Models/Main/skin_91.jpg
  artifactKey: Guid(e042a05f4babf3b4983fa3e5070e1cee) Importer(815301076,1909f56bfc062723c751e8b465ee728b)
Start importing Assets/Models/Main/skin_91.jpg using Guid(e042a05f4babf3b4983fa3e5070e1cee) Importer(815301076,1909f56bfc062723c751e8b465ee728b)  -> (artifact id: '6047f098df01f40d747e39ad6aa1fc63') in 0.025596 seconds 
  Import took 0.027776 seconds .

========================================================================
Received Import Request.
  Time since last request: 9.107555 seconds.
  path: Assets/Models/Weapon/AK.fbx
  artifactKey: Guid(66fce2592fdd6ad4dbfe78ea226c6d3c) Importer(815301076,1909f56bfc062723c751e8b465ee728b)
Start importing Assets/Models/Weapon/AK.fbx using Guid(66fce2592fdd6ad4dbfe78ea226c6d3c) Importer(815301076,1909f56bfc062723c751e8b465ee728b)  -> (artifact id: 'cf511a8ea804457d0312e032275feaa9') in 0.021317 seconds 
  Import took 0.023625 seconds .

========================================================================
Received Import Request.
  Time since last request: 0.000114 seconds.
  path: Assets/Models/Weapon/arrow.fbx
  artifactKey: Guid(f168db11ab2d09b47b2e5bf62b5a2bb6) Importer(815301076,1909f56bfc062723c751e8b465ee728b)
Start importing Assets/Models/Weapon/arrow.fbx using Guid(f168db11ab2d09b47b2e5bf62b5a2bb6) Importer(815301076,1909f56bfc062723c751e8b465ee728b)  -> (artifact id: 'f1b1d796e3d822918a0b5c00b2a203ca') in 0.051632 seconds 
  Import took 0.053941 seconds .

========================================================================
Received Import Request.
  Time since last request: 0.000122 seconds.
  path: Assets/Models/Weapon/Weapon.fbx
  artifactKey: Guid(421dbce71747788468dc5c40e1764ab0) Importer(815301076,1909f56bfc062723c751e8b465ee728b)
Start importing Assets/Models/Weapon/Weapon.fbx using Guid(421dbce71747788468dc5c40e1764ab0) Importer(815301076,1909f56bfc062723c751e8b465ee728b)  -> (artifact id: 'a0dc2d4f83face3ce00eacab9b47f92c') in 0.065152 seconds 
  Import took 0.067230 seconds .

========================================================================
Received Import Request.
  Time since last request: 0.000225 seconds.
  path: Assets/Models/Weapon/laser_gun.fbx
  artifactKey: Guid(212d0980186b8f84f995f86c5c0c617e) Importer(815301076,1909f56bfc062723c751e8b465ee728b)
Start importing Assets/Models/Weapon/laser_gun.fbx using Guid(212d0980186b8f84f995f86c5c0c617e) Importer(815301076,1909f56bfc062723c751e8b465ee728b)  -> (artifact id: 'a60f966970b363b367b66919541067e2') in 0.037044 seconds 
  Import took 0.039004 seconds .

========================================================================
Received Import Request.
  Time since last request: 0.000119 seconds.
  path: Assets/Models/Weapon/skin_weapon.fbx
  artifactKey: Guid(03817fa0e7c7b84499c207808fd54323) Importer(815301076,1909f56bfc062723c751e8b465ee728b)
Start importing Assets/Models/Weapon/skin_weapon.fbx using Guid(03817fa0e7c7b84499c207808fd54323) Importer(815301076,1909f56bfc062723c751e8b465ee728b)  -> (artifact id: 'f41280d2b751e5ad832badc71af2fc79') in 0.028850 seconds 
  Import took 0.030826 seconds .

========================================================================
Received Import Request.
  Time since last request: 0.000115 seconds.
  path: Assets/Models/Weapon/bullet.fbx
  artifactKey: Guid(b247afe5cfde6704180d26378a22d6ff) Importer(815301076,1909f56bfc062723c751e8b465ee728b)
Start importing Assets/Models/Weapon/bullet.fbx using Guid(b247afe5cfde6704180d26378a22d6ff) Importer(815301076,1909f56bfc062723c751e8b465ee728b)  -> (artifact id: 'edbc901f246c187f83c3ad20d8a98b31') in 0.010474 seconds 
  Import took 0.012511 seconds .

========================================================================
Received Import Request.
  Time since last request: 0.000113 seconds.
  path: Assets/Models/Weapon/crossbow.fbx
  artifactKey: Guid(749d6ee73a04bfe418321eed48d02dde) Importer(815301076,1909f56bfc062723c751e8b465ee728b)
Start importing Assets/Models/Weapon/crossbow.fbx using Guid(749d6ee73a04bfe418321eed48d02dde) Importer(815301076,1909f56bfc062723c751e8b465ee728b)  -> (artifact id: 'c1ed93f31a8c6aa6ddc522f3ae04d763') in 0.009998 seconds 
  Import took 0.012104 seconds .

========================================================================
Received Import Request.
  Time since last request: 0.000113 seconds.
  path: Assets/Models/Weapon/spear.fbx
  artifactKey: Guid(8ee6f9f8897eea148946282aeddb53c9) Importer(815301076,1909f56bfc062723c751e8b465ee728b)
Start importing Assets/Models/Weapon/spear.fbx using Guid(8ee6f9f8897eea148946282aeddb53c9) Importer(815301076,1909f56bfc062723c751e8b465ee728b)  -> (artifact id: '89aba010bbd7344288de4a7d14f2cbcc') in 0.009392 seconds 
  Import took 0.011472 seconds .

========================================================================
Received Import Request.
  Time since last request: 0.000131 seconds.
  path: Assets/Models/Weapon/bow.fbx
  artifactKey: Guid(6908e4d00ae57334aaae3ada1b6e3512) Importer(815301076,1909f56bfc062723c751e8b465ee728b)
Start importing Assets/Models/Weapon/bow.fbx using Guid(6908e4d00ae57334aaae3ada1b6e3512) Importer(815301076,1909f56bfc062723c751e8b465ee728b)  -> (artifact id: '40299ddbc0842060316a2928b395bdfa') in 0.010021 seconds 
  Import took 0.012121 seconds .

========================================================================
Received Import Request.
  Time since last request: 0.000116 seconds.
  path: Assets/Models/Weapon/shield2.fbx
  artifactKey: Guid(65c42124c3c6c5144a4cc23314653bf9) Importer(815301076,1909f56bfc062723c751e8b465ee728b)
Start importing Assets/Models/Weapon/shield2.fbx using Guid(65c42124c3c6c5144a4cc23314653bf9) Importer(815301076,1909f56bfc062723c751e8b465ee728b)  -> (artifact id: '2530dd995851125c5b1a462e10275901') in 0.009966 seconds 
  Import took 0.012023 seconds .

========================================================================
Received Import Request.
  Time since last request: 0.000118 seconds.
  path: Assets/Models/Weapon/anaconda_E.fbx
  artifactKey: Guid(36eef0ece18070c4ea67d317d1677778) Importer(815301076,1909f56bfc062723c751e8b465ee728b)
Start importing Assets/Models/Weapon/anaconda_E.fbx using Guid(36eef0ece18070c4ea67d317d1677778) Importer(815301076,1909f56bfc062723c751e8b465ee728b)  -> (artifact id: '89c0dbde75e8d58a74eba6c27ec4b96a') in 0.009393 seconds 
  Import took 0.011452 seconds .

========================================================================
Received Import Request.
  Time since last request: 0.000112 seconds.
  path: Assets/Models/Weapon/gun.fbx
  artifactKey: Guid(83b042785ff9f6942a2194befbca07a8) Importer(815301076,1909f56bfc062723c751e8b465ee728b)
Start importing Assets/Models/Weapon/gun.fbx using Guid(83b042785ff9f6942a2194befbca07a8) Importer(815301076,1909f56bfc062723c751e8b465ee728b)  -> (artifact id: '04070d39dbbdee33abd87919cbf02bb2') in 0.009894 seconds 
  Import took 0.011951 seconds .

========================================================================
Received Import Request.
  Time since last request: 18.883919 seconds.
  path: Assets/Sprites/BG.png
  artifactKey: Guid(33af21f08422c824498c075cdd8b9515) Importer(815301076,1909f56bfc062723c751e8b465ee728b)
Start importing Assets/Sprites/BG.png using Guid(33af21f08422c824498c075cdd8b9515) Importer(815301076,1909f56bfc062723c751e8b465ee728b)  -> (artifact id: '5cc2f5159ce6d62f08a7b874a4bf783e') in 0.025992 seconds 
  Import took 0.028401 seconds .

========================================================================
Received Import Request.
  Time since last request: 0.000143 seconds.
  path: Assets/Sprites/skin_11.jpg
  artifactKey: Guid(2b78ccbf5a966594c9c558121e1d65f3) Importer(815301076,1909f56bfc062723c751e8b465ee728b)
Start importing Assets/Sprites/skin_11.jpg using Guid(2b78ccbf5a966594c9c558121e1d65f3) Importer(815301076,1909f56bfc062723c751e8b465ee728b)  -> (artifact id: 'bd7193f3732e77c60edaa622283f48cc') in 0.007572 seconds 
  Import took 0.009760 seconds .

========================================================================
Received Import Request.
  Time since last request: 0.000109 seconds.
  path: Assets/Sprites/char_main_tex.png
  artifactKey: Guid(e293a90e7b071f846a17dbf0727d8977) Importer(815301076,1909f56bfc062723c751e8b465ee728b)
Start importing Assets/Sprites/char_main_tex.png using Guid(e293a90e7b071f846a17dbf0727d8977) Importer(815301076,1909f56bfc062723c751e8b465ee728b)  -> (artifact id: '838155061af63d762768f6bc7253aa29') in 0.014360 seconds 
  Import took 0.016412 seconds .

========================================================================
Received Import Request.
  Time since last request: 0.000119 seconds.
  path: Assets/Sprites/skin_91.jpg
  artifactKey: Guid(859abbd15e467e34b91a83b3cb1d7814) Importer(815301076,1909f56bfc062723c751e8b465ee728b)
Start importing Assets/Sprites/skin_91.jpg using Guid(859abbd15e467e34b91a83b3cb1d7814) Importer(815301076,1909f56bfc062723c751e8b465ee728b)  -> (artifact id: '81223d1adc3bd9e38042229da73a1f05') in 0.008408 seconds 
  Import took 0.010499 seconds .

========================================================================
Received Import Request.
  Time since last request: 0.000122 seconds.
  path: Assets/Sprites/Girl.png
  artifactKey: Guid(244230a53782c8247a77c955b77c45b5) Importer(815301076,1909f56bfc062723c751e8b465ee728b)
Start importing Assets/Sprites/Girl.png using Guid(244230a53782c8247a77c955b77c45b5) Importer(815301076,1909f56bfc062723c751e8b465ee728b)  -> (artifact id: '1337938a4967e4f5ee09e0c87b91d67f') in 0.026590 seconds 
  Import took 0.028659 seconds .

========================================================================
Received Import Request.
  Time since last request: 0.000149 seconds.
  path: Assets/Sprites/Logo.png
  artifactKey: Guid(228c51cf51d4f374bb3a16eb9254919d) Importer(815301076,1909f56bfc062723c751e8b465ee728b)
Start importing Assets/Sprites/Logo.png using Guid(228c51cf51d4f374bb3a16eb9254919d) Importer(815301076,1909f56bfc062723c751e8b465ee728b)  -> (artifact id: '21ed296c0c30391026f8924a658b17fd') in 0.017734 seconds 
  Import took 0.019737 seconds .

========================================================================
Received Import Request.
  Time since last request: 0.000144 seconds.
  path: Assets/Sprites/cloud_PNG15.png
  artifactKey: Guid(c7af8fdf9bf5270489b4a0792bc6aa4b) Importer(815301076,1909f56bfc062723c751e8b465ee728b)
Start importing Assets/Sprites/cloud_PNG15.png using Guid(c7af8fdf9bf5270489b4a0792bc6aa4b) Importer(815301076,1909f56bfc062723c751e8b465ee728b)  -> (artifact id: 'd62acb516024b1393e5553c202f565ef') in 0.012901 seconds 
  Import took 0.014881 seconds .

========================================================================
Received Import Request.
  Time since last request: 0.000116 seconds.
  path: Assets/Sprites/floor_D.png
  artifactKey: Guid(490023ebf772ff04bba020ced818a954) Importer(815301076,1909f56bfc062723c751e8b465ee728b)
Start importing Assets/Sprites/floor_D.png using Guid(490023ebf772ff04bba020ced818a954) Importer(815301076,1909f56bfc062723c751e8b465ee728b)  -> (artifact id: '181923b5881000f7eec85a80941bae3a') in 0.004152 seconds 
  Import took 0.006065 seconds .

========================================================================
Received Import Request.
  Time since last request: 19.551203 seconds.
  path: Assets/Sprites/1.png
  artifactKey: Guid(0b6ec19e6ce6bc541a56423fe2e116b1) Importer(815301076,1909f56bfc062723c751e8b465ee728b)
Start importing Assets/Sprites/1.png using Guid(0b6ec19e6ce6bc541a56423fe2e116b1) Importer(815301076,1909f56bfc062723c751e8b465ee728b)  -> (artifact id: '4e28e276c6f35a42c8855504d02ae2c7') in 0.023990 seconds 
  Import took 0.026334 seconds .

========================================================================
Received Import Request.
  Time since last request: 5.372890 seconds.
  path: Assets/Sprites/UI/arrow_tutorial.png
  artifactKey: Guid(02b8296310d10384ea3c93a727e85f4e) Importer(815301076,1909f56bfc062723c751e8b465ee728b)
Start importing Assets/Sprites/UI/arrow_tutorial.png using Guid(02b8296310d10384ea3c93a727e85f4e) Importer(815301076,1909f56bfc062723c751e8b465ee728b)  -> (artifact id: '0d36be59447910bfb8f464cc3e44cf1b') in 0.007891 seconds 
  Import took 0.010119 seconds .

========================================================================
Received Import Request.
  Time since last request: 0.000119 seconds.
  path: Assets/Sprites/UI/blood base blue.png
  artifactKey: Guid(5481d9696e894324399171b94f3e3f01) Importer(815301076,1909f56bfc062723c751e8b465ee728b)
Start importing Assets/Sprites/UI/blood base blue.png using Guid(5481d9696e894324399171b94f3e3f01) Importer(815301076,1909f56bfc062723c751e8b465ee728b)  -> (artifact id: '4ab833b9f1eb03514efb4f9a8c82df14') in 0.011045 seconds 
  Import took 0.013130 seconds .

========================================================================
Received Import Request.
  Time since last request: 0.000110 seconds.
  path: Assets/Sprites/UI/blood bar blue.png
  artifactKey: Guid(4a6112e61a380c04abf02a759d7dff3c) Importer(815301076,1909f56bfc062723c751e8b465ee728b)
Start importing Assets/Sprites/UI/blood bar blue.png using Guid(4a6112e61a380c04abf02a759d7dff3c) Importer(815301076,1909f56bfc062723c751e8b465ee728b)  -> (artifact id: 'e1f92d200f2ebaddb8f6db57bd7d7354') in 0.014183 seconds 
  Import took 0.016252 seconds .

========================================================================
Received Import Request.
  Time since last request: 0.000102 seconds.
  path: Assets/Sprites/UI/Square.png
  artifactKey: Guid(e93f7c8bd6b741b4093a01f3f844fda1) Importer(815301076,1909f56bfc062723c751e8b465ee728b)
Start importing Assets/Sprites/UI/Square.png using Guid(e93f7c8bd6b741b4093a01f3f844fda1) Importer(815301076,1909f56bfc062723c751e8b465ee728b)  -> (artifact id: '9039b880379af196ac3becaa6f4b81e8') in 0.017785 seconds 
  Import took 0.019774 seconds .

========================================================================
Received Import Request.
  Time since last request: 0.000118 seconds.
  path: Assets/Sprites/UI/btn_green.png
  artifactKey: Guid(f3760d85aa339814782fd216a6f1cd78) Importer(815301076,1909f56bfc062723c751e8b465ee728b)
Start importing Assets/Sprites/UI/btn_green.png using Guid(f3760d85aa339814782fd216a6f1cd78) Importer(815301076,1909f56bfc062723c751e8b465ee728b)  -> (artifact id: '8d97af3e6df44fdc5db39d0f0fb19b46') in 0.010063 seconds 
  Import took 0.012075 seconds .

========================================================================
Received Import Request.
  Time since last request: 0.000120 seconds.
  path: Assets/Sprites/UI/hand1.png
  artifactKey: Guid(90758bf188316834b8d653300a12cc53) Importer(815301076,1909f56bfc062723c751e8b465ee728b)
Start importing Assets/Sprites/UI/hand1.png using Guid(90758bf188316834b8d653300a12cc53) Importer(815301076,1909f56bfc062723c751e8b465ee728b)  -> (artifact id: '90ed42237fe6a30abd41dcfc61221cfc') in 0.014183 seconds 
  Import took 0.016259 seconds .

========================================================================
Received Import Request.
  Time since last request: 0.000252 seconds.
  path: Assets/Sprites/UI/wheel.png
  artifactKey: Guid(16f5380001151ed4d9c616b06f6b1a5e) Importer(815301076,1909f56bfc062723c751e8b465ee728b)
Start importing Assets/Sprites/UI/wheel.png using Guid(16f5380001151ed4d9c616b06f6b1a5e) Importer(815301076,1909f56bfc062723c751e8b465ee728b)  -> (artifact id: '94b8a0109d7e93f9081b9e701fc301eb') in 0.024436 seconds 
  Import took 0.026482 seconds .

========================================================================
Received Import Request.
  Time since last request: 0.000112 seconds.
  path: Assets/Sprites/UI/blood base red.png
  artifactKey: Guid(b8934c20003c9f24e94531388be5b3e4) Importer(815301076,1909f56bfc062723c751e8b465ee728b)
Start importing Assets/Sprites/UI/blood base red.png using Guid(b8934c20003c9f24e94531388be5b3e4) Importer(815301076,1909f56bfc062723c751e8b465ee728b)  -> (artifact id: 'e822433a6c4700fae414a31193a67760') in 0.012105 seconds 
  Import took 0.014159 seconds .

========================================================================
Received Import Request.
  Time since last request: 0.000164 seconds.
  path: Assets/Sprites/UI/bg_reward.png
  artifactKey: Guid(f65d50aad6a978546a2adb5a95a172ba) Importer(815301076,1909f56bfc062723c751e8b465ee728b)
Start importing Assets/Sprites/UI/bg_reward.png using Guid(f65d50aad6a978546a2adb5a95a172ba) Importer(815301076,1909f56bfc062723c751e8b465ee728b)  -> (artifact id: '15e75de4f7510bb06ba6e79e83e59dce') in 0.009261 seconds 
  Import took 0.011329 seconds .

========================================================================
Received Import Request.
  Time since last request: 0.000122 seconds.
  path: Assets/Sprites/UI/blood bar red.png
  artifactKey: Guid(70c8192542ea9984bbc63c975b2f628e) Importer(815301076,1909f56bfc062723c751e8b465ee728b)
Start importing Assets/Sprites/UI/blood bar red.png using Guid(70c8192542ea9984bbc63c975b2f628e) Importer(815301076,1909f56bfc062723c751e8b465ee728b)  -> (artifact id: '548cbb343ffd69db81b86a79169f927a') in 0.012853 seconds 
  Import took 0.014942 seconds .

========================================================================
Received Import Request.
  Time since last request: 0.000117 seconds.
  path: Assets/Sprites/UI/coin.png
  artifactKey: Guid(c785fedcef10cfe4d84cf3badc1340b2) Importer(815301076,1909f56bfc062723c751e8b465ee728b)
Start importing Assets/Sprites/UI/coin.png using Guid(c785fedcef10cfe4d84cf3badc1340b2) Importer(815301076,1909f56bfc062723c751e8b465ee728b)  -> (artifact id: 'fc28b7e9dc58b76601e0f71f474e7376') in 0.012639 seconds 
  Import took 0.014691 seconds .

========================================================================
Received Import Request.
  Time since last request: 0.000153 seconds.
  path: Assets/Sprites/UI/Victory.png
  artifactKey: Guid(31fc3a2aa05a89f4da0d3531c9596afa) Importer(815301076,1909f56bfc062723c751e8b465ee728b)
Start importing Assets/Sprites/UI/Victory.png using Guid(31fc3a2aa05a89f4da0d3531c9596afa) Importer(815301076,1909f56bfc062723c751e8b465ee728b)  -> (artifact id: 'c9ce87ef4180aeaf2b56be198a16f4ab') in 0.017644 seconds 
  Import took 0.019821 seconds .

========================================================================
Received Import Request.
  Time since last request: 0.000132 seconds.
  path: Assets/Sprites/UI/wheel needle.png
  artifactKey: Guid(80bc6e0238268fd408227b4ba9fad30a) Importer(815301076,1909f56bfc062723c751e8b465ee728b)
Start importing Assets/Sprites/UI/wheel needle.png using Guid(80bc6e0238268fd408227b4ba9fad30a) Importer(815301076,1909f56bfc062723c751e8b465ee728b)  -> (artifact id: 'c610b10c10c609a1d020155db7bba0b1') in 0.010401 seconds 
  Import took 0.012977 seconds .

========================================================================
Received Import Request.
  Time since last request: 0.000140 seconds.
  path: Assets/Sprites/UI/circle_time.png
  artifactKey: Guid(51c1f880812a533478972c3f57ad72f9) Importer(815301076,1909f56bfc062723c751e8b465ee728b)
Start importing Assets/Sprites/UI/circle_time.png using Guid(51c1f880812a533478972c3f57ad72f9) Importer(815301076,1909f56bfc062723c751e8b465ee728b)  -> (artifact id: 'b09f1ce14676f8bfe11b1f13075fe785') in 0.012655 seconds 
  Import took 0.014977 seconds .

========================================================================
Received Import Request.
  Time since last request: 0.000122 seconds.
  path: Assets/Sprites/UI/bg_coin.png
  artifactKey: Guid(251b96f39ca92d24abb0acdadfe5021a) Importer(815301076,1909f56bfc062723c751e8b465ee728b)
Start importing Assets/Sprites/UI/bg_coin.png using Guid(251b96f39ca92d24abb0acdadfe5021a) Importer(815301076,1909f56bfc062723c751e8b465ee728b)  -> (artifact id: 'e51f83f94eae60c366418ec1a493acbd') in 0.011120 seconds 
  Import took 0.013781 seconds .

========================================================================
Received Import Request.
  Time since last request: 0.000125 seconds.
  path: Assets/Sprites/UI/vs.png
  artifactKey: Guid(b80225a54302f9c4eb399ba0f2c1793c) Importer(815301076,1909f56bfc062723c751e8b465ee728b)
Start importing Assets/Sprites/UI/vs.png using Guid(b80225a54302f9c4eb399ba0f2c1793c) Importer(815301076,1909f56bfc062723c751e8b465ee728b)  -> (artifact id: '9a14b53cc238053163b3bddb645d7027') in 0.011145 seconds 
  Import took 0.013238 seconds .

========================================================================
Received Import Request.
  Time since last request: 23.774386 seconds.
  path: Assets/Sprites/UI/circle_time.png
  artifactKey: Guid(51c1f880812a533478972c3f57ad72f9) Importer(815301076,1909f56bfc062723c751e8b465ee728b)
Start importing Assets/Sprites/UI/circle_time.png using Guid(51c1f880812a533478972c3f57ad72f9) Importer(815301076,1909f56bfc062723c751e8b465ee728b)  -> (artifact id: '53c6f2d492db790a51c362f8fdd66474') in 0.009208 seconds 
  Import took 0.011581 seconds .

========================================================================
Received Prepare
Registering precompiled user dll's ...
Registered in 0.002041 seconds.
Begin MonoManager ReloadAssembly
Native extension for WindowsStandalone target not found
Refreshing native plugins compatible for Editor in 0.34 ms, found 2 plugins.
Preloading 0 native plugins for Editor in 0.00 ms.
Mono: successfully reloaded assembly
- Completed reload, in  1.118 seconds
Domain Reload Profiling:
	ReloadAssembly (1118ms)
		BeginReloadAssembly (86ms)
			ExecutionOrderSort (0ms)
			DisableScriptedObjects (3ms)
			BackupInstance (0ms)
			ReleaseScriptingObjects (0ms)
			CreateAndSetChildDomain (28ms)
		EndReloadAssembly (989ms)
			LoadAssemblies (65ms)
			RebuildTransferFunctionScriptingTraits (0ms)
			SetupTypeCache (215ms)
			ReleaseScriptCaches (1ms)
			RebuildScriptCaches (29ms)
			SetupLoadedEditorAssemblies (589ms)
				LogAssemblyErrors (0ms)
				InitializePlatformSupportModulesInManaged (3ms)
				SetLoadedEditorAssemblies (0ms)
				RefreshPlugins (0ms)
				BeforeProcessingInitializeOnLoad (48ms)
				ProcessInitializeOnLoadAttributes (206ms)
				ProcessInitializeOnLoadMethodAttributes (330ms)
				AfterProcessingInitializeOnLoad (1ms)
				EditorAssembliesLoaded (0ms)
			ExecutionOrderSort2 (0ms)
			AwakeInstancesAfterBackupRestoration (5ms)
Platform modules already initialized, skipping
Switching build target platform(19) subTarget(0) extendedPlatform(0) -> platform(13) subTarget(537395200) extendedPlatform(0)
Refreshing native plugins compatible for Editor in 0.34 ms, found 2 plugins.
Preloading 0 native plugins for Editor in 0.00 ms.
Unloading 1547 Unused Serialized files (Serialized files now loaded: 0)
System memory in use before: 93.4 MB.
System memory in use after: 93.5 MB.

Unloading 20 unused Assets to reduce memory usage. Loaded Objects now: 2192.
Total: 2.858000 ms (FindLiveObjects: 0.164100 ms CreateObjectMapping: 0.045300 ms MarkObjects: 2.593900 ms  DeleteObjects: 0.053900 ms)

AssetImportParameters requested are different than current active one (requested -> active):
  custom:framework-win-MediaFoundation: 216162199b28c13a410421893ffa2e32 -> 
  custom:video-decoder-ogg-theora: a1e56fd34408186e4bbccfd4996cb3dc -> 
  custom:container-muxer-webm: aa71ff27fc2769a1b78a27578f13a17b -> 
  custom:container-demuxer-webm: 4f35f7cbe854078d1ac9338744f61a02 -> 
  custom:container-demuxer-ogg: 62fdf1f143b41e24485cea50d1cbac27 -> 
  custom:video-encoder-webm-vp8: eb34c28f22e8b96e1ab97ce403110664 -> 
  custom:video-decoder-webm-vp8: 9c59270c3fd7afecdb556c50c9e8de78 -> 
  custom:graphics/normal-map-encoding: 01000000000000000000000000000000 -> 02000000000000000000000000000000
  custom:audio-decoder-ogg-vorbis: bf7c407c2cedff20999df2af8eb42d56 -> 
  custom:audio-encoder-webm-vorbis: bf7c407c2cedff20999df2af8eb42d56 -> 
========================================================================
Received Prepare
Registering precompiled user dll's ...
Registered in 0.001994 seconds.
Begin MonoManager ReloadAssembly
Native extension for WindowsStandalone target not found
Refreshing native plugins compatible for Editor in 0.35 ms, found 2 plugins.
Preloading 0 native plugins for Editor in 0.00 ms.
Mono: successfully reloaded assembly
- Completed reload, in  1.088 seconds
Domain Reload Profiling:
	ReloadAssembly (1088ms)
		BeginReloadAssembly (72ms)
			ExecutionOrderSort (0ms)
			DisableScriptedObjects (3ms)
			BackupInstance (0ms)
			ReleaseScriptingObjects (0ms)
			CreateAndSetChildDomain (25ms)
		EndReloadAssembly (974ms)
			LoadAssemblies (57ms)
			RebuildTransferFunctionScriptingTraits (0ms)
			SetupTypeCache (209ms)
			ReleaseScriptCaches (1ms)
			RebuildScriptCaches (29ms)
			SetupLoadedEditorAssemblies (580ms)
				LogAssemblyErrors (0ms)
				InitializePlatformSupportModulesInManaged (3ms)
				SetLoadedEditorAssemblies (0ms)
				RefreshPlugins (0ms)
				BeforeProcessingInitializeOnLoad (49ms)
				ProcessInitializeOnLoadAttributes (198ms)
				ProcessInitializeOnLoadMethodAttributes (327ms)
				AfterProcessingInitializeOnLoad (1ms)
				EditorAssembliesLoaded (0ms)
			ExecutionOrderSort2 (0ms)
			AwakeInstancesAfterBackupRestoration (5ms)
Platform modules already initialized, skipping
Switching build target platform(19) subTarget(0) extendedPlatform(0) -> platform(13) subTarget(537395200) extendedPlatform(0)
Refreshing native plugins compatible for Editor in 0.34 ms, found 2 plugins.
Preloading 0 native plugins for Editor in 0.00 ms.
Unloading 1548 Unused Serialized files (Serialized files now loaded: 0)
System memory in use before: 93.9 MB.
System memory in use after: 93.9 MB.

Unloading 20 unused Assets to reduce memory usage. Loaded Objects now: 2196.
Total: 2.842800 ms (FindLiveObjects: 0.170200 ms CreateObjectMapping: 0.051100 ms MarkObjects: 2.561500 ms  DeleteObjects: 0.059200 ms)

AssetImportParameters requested are different than current active one (requested -> active):
  custom:framework-win-MediaFoundation: 216162199b28c13a410421893ffa2e32 -> 
  custom:video-decoder-ogg-theora: a1e56fd34408186e4bbccfd4996cb3dc -> 
  custom:container-muxer-webm: aa71ff27fc2769a1b78a27578f13a17b -> 
  custom:container-demuxer-webm: 4f35f7cbe854078d1ac9338744f61a02 -> 
  custom:container-demuxer-ogg: 62fdf1f143b41e24485cea50d1cbac27 -> 
  custom:video-encoder-webm-vp8: eb34c28f22e8b96e1ab97ce403110664 -> 
  custom:video-decoder-webm-vp8: 9c59270c3fd7afecdb556c50c9e8de78 -> 
  custom:graphics/normal-map-encoding: 01000000000000000000000000000000 -> 02000000000000000000000000000000
  custom:audio-decoder-ogg-vorbis: bf7c407c2cedff20999df2af8eb42d56 -> 
  custom:audio-encoder-webm-vorbis: bf7c407c2cedff20999df2af8eb42d56 -> 
========================================================================
Received Import Request.
  Time since last request: 334.470114 seconds.
  path: Assets/Sprites/UI/present done gauge.png
  artifactKey: Guid(06ed41a201f605846b146312c3341fe1) Importer(815301076,1909f56bfc062723c751e8b465ee728b)
Start importing Assets/Sprites/UI/present done gauge.png using Guid(06ed41a201f605846b146312c3341fe1) Importer(815301076,1909f56bfc062723c751e8b465ee728b)  -> (artifact id: 'b8e127327dfb99b63ef45068c34938ff') in 0.022719 seconds 
  Import took 0.024993 seconds .

========================================================================
Received Import Request.
  Time since last request: 7.044832 seconds.
  path: Assets/Sprites/UI/present done gauge.png
  artifactKey: Guid(06ed41a201f605846b146312c3341fe1) Importer(815301076,1909f56bfc062723c751e8b465ee728b)
Start importing Assets/Sprites/UI/present done gauge.png using Guid(06ed41a201f605846b146312c3341fe1) Importer(815301076,1909f56bfc062723c751e8b465ee728b)  -> (artifact id: '77732899e478e3fed130f0ca56268b94') in 0.023816 seconds 
  Import took 0.025990 seconds .

========================================================================
Received Import Request.
  Time since last request: 9.634876 seconds.
  path: Assets/Sprites/UI/present done gauge.png
  artifactKey: Guid(06ed41a201f605846b146312c3341fe1) Importer(815301076,1909f56bfc062723c751e8b465ee728b)
Start importing Assets/Sprites/UI/present done gauge.png using Guid(06ed41a201f605846b146312c3341fe1) Importer(815301076,1909f56bfc062723c751e8b465ee728b)  -> (artifact id: '2b27104552a64d200234af155a4e7357') in 0.009954 seconds 
  Import took 0.012185 seconds .

========================================================================
Received Import Request.
  Time since last request: 3.348657 seconds.
  path: Assets/Sprites/UI/present done gauge.png
  artifactKey: Guid(06ed41a201f605846b146312c3341fe1) Importer(815301076,1909f56bfc062723c751e8b465ee728b)
Start importing Assets/Sprites/UI/present done gauge.png using Guid(06ed41a201f605846b146312c3341fe1) Importer(815301076,1909f56bfc062723c751e8b465ee728b)  -> (artifact id: '3e5e77efa5623db90673432c84693cb6') in 0.009291 seconds 
  Import took 0.011458 seconds .

========================================================================
Received Import Request.
  Time since last request: 2.495316 seconds.
  path: Assets/Sprites/UI/present done gauge.png
  artifactKey: Guid(06ed41a201f605846b146312c3341fe1) Importer(815301076,1909f56bfc062723c751e8b465ee728b)
Start importing Assets/Sprites/UI/present done gauge.png using Guid(06ed41a201f605846b146312c3341fe1) Importer(815301076,1909f56bfc062723c751e8b465ee728b)  -> (artifact id: '5c8574d852d87bc713d34ca2e779ba0f') in 0.006149 seconds 
  Import took 0.008368 seconds .

========================================================================
Received Import Request.
  Time since last request: 191.645319 seconds.
  path: Assets/Animations/Button Next.anim
  artifactKey: Guid(37ac94a87be766b40b874b61da73eae1) Importer(815301076,1909f56bfc062723c751e8b465ee728b)
Start importing Assets/Animations/Button Next.anim using Guid(37ac94a87be766b40b874b61da73eae1) Importer(815301076,1909f56bfc062723c751e8b465ee728b)  -> (artifact id: 'd1046f46de1c04b1e0e5a71c4e55bb00') in 0.001512 seconds 
  Import took 0.003603 seconds .

========================================================================
Received Prepare
Registering precompiled user dll's ...
Registered in 0.001952 seconds.
Begin MonoManager ReloadAssembly
Native extension for WindowsStandalone target not found
Refreshing native plugins compatible for Editor in 0.34 ms, found 2 plugins.
Preloading 0 native plugins for Editor in 0.00 ms.
Mono: successfully reloaded assembly
- Completed reload, in  1.076 seconds
Domain Reload Profiling:
	ReloadAssembly (1077ms)
		BeginReloadAssembly (74ms)
			ExecutionOrderSort (0ms)
			DisableScriptedObjects (3ms)
			BackupInstance (0ms)
			ReleaseScriptingObjects (0ms)
			CreateAndSetChildDomain (27ms)
		EndReloadAssembly (961ms)
			LoadAssemblies (56ms)
			RebuildTransferFunctionScriptingTraits (0ms)
			SetupTypeCache (207ms)
			ReleaseScriptCaches (1ms)
			RebuildScriptCaches (30ms)
			SetupLoadedEditorAssemblies (568ms)
				LogAssemblyErrors (0ms)
				InitializePlatformSupportModulesInManaged (3ms)
				SetLoadedEditorAssemblies (0ms)
				RefreshPlugins (0ms)
				BeforeProcessingInitializeOnLoad (48ms)
				ProcessInitializeOnLoadAttributes (195ms)
				ProcessInitializeOnLoadMethodAttributes (319ms)
				AfterProcessingInitializeOnLoad (1ms)
				EditorAssembliesLoaded (0ms)
			ExecutionOrderSort2 (0ms)
			AwakeInstancesAfterBackupRestoration (5ms)
Platform modules already initialized, skipping
Switching build target platform(19) subTarget(0) extendedPlatform(0) -> platform(13) subTarget(537395200) extendedPlatform(0)
Refreshing native plugins compatible for Editor in 0.34 ms, found 2 plugins.
Preloading 0 native plugins for Editor in 0.00 ms.
Unloading 1548 Unused Serialized files (Serialized files now loaded: 0)
System memory in use before: 94.0 MB.
System memory in use after: 94.1 MB.

Unloading 20 unused Assets to reduce memory usage. Loaded Objects now: 2205.
Total: 2.716000 ms (FindLiveObjects: 0.156600 ms CreateObjectMapping: 0.048400 ms MarkObjects: 2.456700 ms  DeleteObjects: 0.053300 ms)

AssetImportParameters requested are different than current active one (requested -> active):
  custom:framework-win-MediaFoundation: 216162199b28c13a410421893ffa2e32 -> 
  custom:video-decoder-ogg-theora: a1e56fd34408186e4bbccfd4996cb3dc -> 
  custom:container-muxer-webm: aa71ff27fc2769a1b78a27578f13a17b -> 
  custom:container-demuxer-webm: 4f35f7cbe854078d1ac9338744f61a02 -> 
  custom:container-demuxer-ogg: 62fdf1f143b41e24485cea50d1cbac27 -> 
  custom:video-encoder-webm-vp8: eb34c28f22e8b96e1ab97ce403110664 -> 
  custom:video-decoder-webm-vp8: 9c59270c3fd7afecdb556c50c9e8de78 -> 
  custom:graphics/normal-map-encoding: 01000000000000000000000000000000 -> 02000000000000000000000000000000
  custom:audio-decoder-ogg-vorbis: bf7c407c2cedff20999df2af8eb42d56 -> 
  custom:audio-encoder-webm-vorbis: bf7c407c2cedff20999df2af8eb42d56 -> 
========================================================================
Received Import Request.
  Time since last request: 263.683742 seconds.
  path: Assets/SVC_Luna.asset
  artifactKey: Guid(fba39a0e6f37dfe4380d096a6668ee0b) Importer(815301076,1909f56bfc062723c751e8b465ee728b)
Start importing Assets/SVC_Luna.asset using Guid(fba39a0e6f37dfe4380d096a6668ee0b) Importer(815301076,1909f56bfc062723c751e8b465ee728b)  -> (artifact id: '42077cd6f4068be36ea7e1beade9694b') in 0.011523 seconds 
  Import took 0.014015 seconds .

========================================================================
Received Import Request.
  Time since last request: 7.043188 seconds.
  path: Assets/Sprites/81.png
  artifactKey: Guid(3c0a1d117a68194448f74eec1eddf098) Importer(815301076,1909f56bfc062723c751e8b465ee728b)
Start importing Assets/Sprites/81.png using Guid(3c0a1d117a68194448f74eec1eddf098) Importer(815301076,1909f56bfc062723c751e8b465ee728b)  -> (artifact id: '62c5bcaf8ed8ce488f7c9138e5d1aa33') in 0.016338 seconds 
  Import took 0.018534 seconds .

========================================================================
Received Import Request.
  Time since last request: 5.236304 seconds.
  path: Assets/Sprites/81.png
  artifactKey: Guid(3c0a1d117a68194448f74eec1eddf098) Importer(815301076,1909f56bfc062723c751e8b465ee728b)
Start importing Assets/Sprites/81.png using Guid(3c0a1d117a68194448f74eec1eddf098) Importer(815301076,1909f56bfc062723c751e8b465ee728b)  -> (artifact id: 'a0ecafb8a279d546e0b6e64d6c8eb1c8') in 0.024363 seconds 
  Import took 0.026528 seconds .

========================================================================
Received Import Request.
  Time since last request: 3.530795 seconds.
  path: Assets/Sprites/81.png
  artifactKey: Guid(3c0a1d117a68194448f74eec1eddf098) Importer(815301076,1909f56bfc062723c751e8b465ee728b)
Start importing Assets/Sprites/81.png using Guid(3c0a1d117a68194448f74eec1eddf098) Importer(815301076,1909f56bfc062723c751e8b465ee728b)  -> (artifact id: '8f50aaccf5cc1d2b8f615f2795ddda0a') in 0.011658 seconds 
  Import took 0.013883 seconds .

========================================================================
Received Import Request.
  Time since last request: 3.078200 seconds.
  path: Assets/Sprites/81.png
  artifactKey: Guid(3c0a1d117a68194448f74eec1eddf098) Importer(815301076,1909f56bfc062723c751e8b465ee728b)
Start importing Assets/Sprites/81.png using Guid(3c0a1d117a68194448f74eec1eddf098) Importer(815301076,1909f56bfc062723c751e8b465ee728b)  -> (artifact id: '9c55c1dde20ab9deb151bc91370cc674') in 0.017282 seconds 
  Import took 0.019476 seconds .

========================================================================
Received Prepare
Registering precompiled user dll's ...
Registered in 0.001989 seconds.
Begin MonoManager ReloadAssembly
Native extension for WindowsStandalone target not found
Refreshing native plugins compatible for Editor in 0.34 ms, found 2 plugins.
Preloading 0 native plugins for Editor in 0.00 ms.
Mono: successfully reloaded assembly
- Completed reload, in  1.098 seconds
Domain Reload Profiling:
	ReloadAssembly (1098ms)
		BeginReloadAssembly (76ms)
			ExecutionOrderSort (0ms)
			DisableScriptedObjects (3ms)
			BackupInstance (0ms)
			ReleaseScriptingObjects (0ms)
			CreateAndSetChildDomain (27ms)
		EndReloadAssembly (981ms)
			LoadAssemblies (58ms)
			RebuildTransferFunctionScriptingTraits (0ms)
			SetupTypeCache (212ms)
			ReleaseScriptCaches (1ms)
			RebuildScriptCaches (28ms)
			SetupLoadedEditorAssemblies (582ms)
				LogAssemblyErrors (0ms)
				InitializePlatformSupportModulesInManaged (3ms)
				SetLoadedEditorAssemblies (0ms)
				RefreshPlugins (0ms)
				BeforeProcessingInitializeOnLoad (49ms)
				ProcessInitializeOnLoadAttributes (194ms)
				ProcessInitializeOnLoadMethodAttributes (335ms)
				AfterProcessingInitializeOnLoad (1ms)
				EditorAssembliesLoaded (0ms)
			ExecutionOrderSort2 (0ms)
			AwakeInstancesAfterBackupRestoration (5ms)
Platform modules already initialized, skipping
Switching build target platform(19) subTarget(0) extendedPlatform(0) -> platform(13) subTarget(537395200) extendedPlatform(0)
Refreshing native plugins compatible for Editor in 0.36 ms, found 2 plugins.
Preloading 0 native plugins for Editor in 0.00 ms.
Unloading 1547 Unused Serialized files (Serialized files now loaded: 0)
System memory in use before: 94.0 MB.
System memory in use after: 94.0 MB.

Unloading 20 unused Assets to reduce memory usage. Loaded Objects now: 2212.
Total: 2.855700 ms (FindLiveObjects: 0.166800 ms CreateObjectMapping: 0.053800 ms MarkObjects: 2.569800 ms  DeleteObjects: 0.063700 ms)

AssetImportParameters requested are different than current active one (requested -> active):
  custom:framework-win-MediaFoundation: 216162199b28c13a410421893ffa2e32 -> 
  custom:video-decoder-ogg-theora: a1e56fd34408186e4bbccfd4996cb3dc -> 
  custom:container-muxer-webm: aa71ff27fc2769a1b78a27578f13a17b -> 
  custom:container-demuxer-webm: 4f35f7cbe854078d1ac9338744f61a02 -> 
  custom:container-demuxer-ogg: 62fdf1f143b41e24485cea50d1cbac27 -> 
  custom:video-encoder-webm-vp8: eb34c28f22e8b96e1ab97ce403110664 -> 
  custom:video-decoder-webm-vp8: 9c59270c3fd7afecdb556c50c9e8de78 -> 
  custom:graphics/normal-map-encoding: 01000000000000000000000000000000 -> 02000000000000000000000000000000
  custom:audio-decoder-ogg-vorbis: bf7c407c2cedff20999df2af8eb42d56 -> 
  custom:audio-encoder-webm-vorbis: bf7c407c2cedff20999df2af8eb42d56 -> 
========================================================================
Received Prepare
Registering precompiled user dll's ...
Registered in 0.001961 seconds.
Begin MonoManager ReloadAssembly
Native extension for WindowsStandalone target not found
Refreshing native plugins compatible for Editor in 0.35 ms, found 2 plugins.
Preloading 0 native plugins for Editor in 0.00 ms.
Mono: successfully reloaded assembly
- Completed reload, in  1.075 seconds
Domain Reload Profiling:
	ReloadAssembly (1075ms)
		BeginReloadAssembly (73ms)
			ExecutionOrderSort (0ms)
			DisableScriptedObjects (3ms)
			BackupInstance (0ms)
			ReleaseScriptingObjects (0ms)
			CreateAndSetChildDomain (25ms)
		EndReloadAssembly (963ms)
			LoadAssemblies (55ms)
			RebuildTransferFunctionScriptingTraits (0ms)
			SetupTypeCache (206ms)
			ReleaseScriptCaches (1ms)
			RebuildScriptCaches (28ms)
			SetupLoadedEditorAssemblies (572ms)
				LogAssemblyErrors (0ms)
				InitializePlatformSupportModulesInManaged (3ms)
				SetLoadedEditorAssemblies (0ms)
				RefreshPlugins (0ms)
				BeforeProcessingInitializeOnLoad (48ms)
				ProcessInitializeOnLoadAttributes (196ms)
				ProcessInitializeOnLoadMethodAttributes (323ms)
				AfterProcessingInitializeOnLoad (1ms)
				EditorAssembliesLoaded (0ms)
			ExecutionOrderSort2 (0ms)
			AwakeInstancesAfterBackupRestoration (5ms)
Platform modules already initialized, skipping
Switching build target platform(19) subTarget(0) extendedPlatform(0) -> platform(13) subTarget(537395200) extendedPlatform(0)
Refreshing native plugins compatible for Editor in 0.36 ms, found 2 plugins.
Preloading 0 native plugins for Editor in 0.00 ms.
Unloading 1548 Unused Serialized files (Serialized files now loaded: 0)
System memory in use before: 94.4 MB.
System memory in use after: 94.5 MB.

Unloading 20 unused Assets to reduce memory usage. Loaded Objects now: 2216.
Total: 2.620700 ms (FindLiveObjects: 0.145000 ms CreateObjectMapping: 0.044800 ms MarkObjects: 2.383600 ms  DeleteObjects: 0.046700 ms)

AssetImportParameters requested are different than current active one (requested -> active):
  custom:framework-win-MediaFoundation: 216162199b28c13a410421893ffa2e32 -> 
  custom:video-decoder-ogg-theora: a1e56fd34408186e4bbccfd4996cb3dc -> 
  custom:container-muxer-webm: aa71ff27fc2769a1b78a27578f13a17b -> 
  custom:container-demuxer-webm: 4f35f7cbe854078d1ac9338744f61a02 -> 
  custom:container-demuxer-ogg: 62fdf1f143b41e24485cea50d1cbac27 -> 
  custom:video-encoder-webm-vp8: eb34c28f22e8b96e1ab97ce403110664 -> 
  custom:video-decoder-webm-vp8: 9c59270c3fd7afecdb556c50c9e8de78 -> 
  custom:graphics/normal-map-encoding: 01000000000000000000000000000000 -> 02000000000000000000000000000000
  custom:audio-decoder-ogg-vorbis: bf7c407c2cedff20999df2af8eb42d56 -> 
  custom:audio-encoder-webm-vorbis: bf7c407c2cedff20999df2af8eb42d56 -> 
========================================================================
Received Import Request.
  Time since last request: 1811.637645 seconds.
  path: Assets/TextMesh Pro/Resources/Fonts & Materials/LiberationSans SDF - Drop Shadow.mat
  artifactKey: Guid(e73a58f6e2794ae7b1b7e50b7fb811b0) Importer(815301076,1909f56bfc062723c751e8b465ee728b)
Start importing Assets/TextMesh Pro/Resources/Fonts & Materials/LiberationSans SDF - Drop Shadow.mat using Guid(e73a58f6e2794ae7b1b7e50b7fb811b0) Importer(815301076,1909f56bfc062723c751e8b465ee728b)  -> (artifact id: '0ede2aede976554997e4b09481286d32') in 0.092671 seconds 
  Import took 0.095518 seconds .

========================================================================
Received Import Request.
  Time since last request: 0.000118 seconds.
  path: Assets/TextMesh Pro/Resources/Fonts & Materials/LiberationSans SDF - Outline.mat
  artifactKey: Guid(79459efec17a4d00a321bdcc27bbc385) Importer(815301076,1909f56bfc062723c751e8b465ee728b)
Start importing Assets/TextMesh Pro/Resources/Fonts & Materials/LiberationSans SDF - Outline.mat using Guid(79459efec17a4d00a321bdcc27bbc385) Importer(815301076,1909f56bfc062723c751e8b465ee728b)  -> (artifact id: '289988fcecf3b00d1602f8d2b589f7dd') in 0.019733 seconds 
  Import took 0.022220 seconds .

========================================================================
Received Import Request.
  Time since last request: 190.621728 seconds.
  path: Assets/TextMesh Pro/Resources/Fonts & Materials/LiberationSans SDF.asset
  artifactKey: Guid(8f586378b4e144a9851e7b34d9b748ee) Importer(815301076,1909f56bfc062723c751e8b465ee728b)
Start importing Assets/TextMesh Pro/Resources/Fonts & Materials/LiberationSans SDF.asset using Guid(8f586378b4e144a9851e7b34d9b748ee) Importer(815301076,1909f56bfc062723c751e8b465ee728b)  -> (artifact id: '34a5f772b50a0df8901f46123b9249db') in 0.042413 seconds 
  Import took 0.044906 seconds .

========================================================================
Received Import Request.
  Time since last request: 70.011640 seconds.
  path: Assets/Animations/Button Next.anim
  artifactKey: Guid(37ac94a87be766b40b874b61da73eae1) Importer(815301076,1909f56bfc062723c751e8b465ee728b)
Start importing Assets/Animations/Button Next.anim using Guid(37ac94a87be766b40b874b61da73eae1) Importer(815301076,1909f56bfc062723c751e8b465ee728b)  -> (artifact id: 'cbf83d0f506acc2fb5f28bdeef3fe04c') in 0.001531 seconds 
  Import took 0.003589 seconds .

========================================================================
Received Import Request.
  Time since last request: 202.581589 seconds.
  path: Assets/SVC_Luna.asset
  artifactKey: Guid(fba39a0e6f37dfe4380d096a6668ee0b) Importer(815301076,1909f56bfc062723c751e8b465ee728b)
Start importing Assets/SVC_Luna.asset using Guid(fba39a0e6f37dfe4380d096a6668ee0b) Importer(815301076,1909f56bfc062723c751e8b465ee728b)  -> (artifact id: 'a6ae1c3aa4b2985a613bb0f2ecadfec4') in 0.002356 seconds 
  Import took 0.004849 seconds .

========================================================================
Received Prepare
Registering precompiled user dll's ...
Registered in 0.001963 seconds.
Begin MonoManager ReloadAssembly
Native extension for WindowsStandalone target not found
Refreshing native plugins compatible for Editor in 0.35 ms, found 2 plugins.
Preloading 0 native plugins for Editor in 0.00 ms.
Mono: successfully reloaded assembly
- Completed reload, in  1.095 seconds
Domain Reload Profiling:
	ReloadAssembly (1095ms)
		BeginReloadAssembly (78ms)
			ExecutionOrderSort (0ms)
			DisableScriptedObjects (3ms)
			BackupInstance (0ms)
			ReleaseScriptingObjects (0ms)
			CreateAndSetChildDomain (29ms)
		EndReloadAssembly (976ms)
			LoadAssemblies (56ms)
			RebuildTransferFunctionScriptingTraits (0ms)
			SetupTypeCache (210ms)
			ReleaseScriptCaches (1ms)
			RebuildScriptCaches (28ms)
			SetupLoadedEditorAssemblies (578ms)
				LogAssemblyErrors (0ms)
				InitializePlatformSupportModulesInManaged (3ms)
				SetLoadedEditorAssemblies (0ms)
				RefreshPlugins (0ms)
				BeforeProcessingInitializeOnLoad (48ms)
				ProcessInitializeOnLoadAttributes (196ms)
				ProcessInitializeOnLoadMethodAttributes (329ms)
				AfterProcessingInitializeOnLoad (1ms)
				EditorAssembliesLoaded (0ms)
			ExecutionOrderSort2 (0ms)
			AwakeInstancesAfterBackupRestoration (5ms)
Platform modules already initialized, skipping
Switching build target platform(19) subTarget(0) extendedPlatform(0) -> platform(13) subTarget(537395200) extendedPlatform(0)
Refreshing native plugins compatible for Editor in 0.33 ms, found 2 plugins.
Preloading 0 native plugins for Editor in 0.00 ms.
Unloading 1547 Unused Serialized files (Serialized files now loaded: 0)
System memory in use before: 94.3 MB.
System memory in use after: 94.4 MB.

Unloading 20 unused Assets to reduce memory usage. Loaded Objects now: 2222.
Total: 2.640900 ms (FindLiveObjects: 0.150500 ms CreateObjectMapping: 0.045900 ms MarkObjects: 2.393600 ms  DeleteObjects: 0.050300 ms)

AssetImportParameters requested are different than current active one (requested -> active):
  custom:framework-win-MediaFoundation: 216162199b28c13a410421893ffa2e32 -> 
  custom:video-decoder-ogg-theora: a1e56fd34408186e4bbccfd4996cb3dc -> 
  custom:container-muxer-webm: aa71ff27fc2769a1b78a27578f13a17b -> 
  custom:container-demuxer-webm: 4f35f7cbe854078d1ac9338744f61a02 -> 
  custom:container-demuxer-ogg: 62fdf1f143b41e24485cea50d1cbac27 -> 
  custom:video-encoder-webm-vp8: eb34c28f22e8b96e1ab97ce403110664 -> 
  custom:video-decoder-webm-vp8: 9c59270c3fd7afecdb556c50c9e8de78 -> 
  custom:graphics/normal-map-encoding: 01000000000000000000000000000000 -> 02000000000000000000000000000000
  custom:audio-decoder-ogg-vorbis: bf7c407c2cedff20999df2af8eb42d56 -> 
  custom:audio-encoder-webm-vorbis: bf7c407c2cedff20999df2af8eb42d56 -> 
========================================================================
Received Prepare
Registering precompiled user dll's ...
Registered in 0.001988 seconds.
Begin MonoManager ReloadAssembly
Native extension for WindowsStandalone target not found
Refreshing native plugins compatible for Editor in 0.34 ms, found 2 plugins.
Preloading 0 native plugins for Editor in 0.00 ms.
Mono: successfully reloaded assembly
- Completed reload, in  1.121 seconds
Domain Reload Profiling:
	ReloadAssembly (1121ms)
		BeginReloadAssembly (80ms)
			ExecutionOrderSort (0ms)
			DisableScriptedObjects (3ms)
			BackupInstance (0ms)
			ReleaseScriptingObjects (0ms)
			CreateAndSetChildDomain (32ms)
		EndReloadAssembly (987ms)
			LoadAssemblies (60ms)
			RebuildTransferFunctionScriptingTraits (0ms)
			SetupTypeCache (221ms)
			ReleaseScriptCaches (1ms)
			RebuildScriptCaches (29ms)
			SetupLoadedEditorAssemblies (573ms)
				LogAssemblyErrors (0ms)
				InitializePlatformSupportModulesInManaged (3ms)
				SetLoadedEditorAssemblies (0ms)
				RefreshPlugins (0ms)
				BeforeProcessingInitializeOnLoad (48ms)
				ProcessInitializeOnLoadAttributes (201ms)
				ProcessInitializeOnLoadMethodAttributes (318ms)
				AfterProcessingInitializeOnLoad (1ms)
				EditorAssembliesLoaded (0ms)
			ExecutionOrderSort2 (0ms)
			AwakeInstancesAfterBackupRestoration (5ms)
Platform modules already initialized, skipping
Switching build target platform(19) subTarget(0) extendedPlatform(0) -> platform(13) subTarget(537395200) extendedPlatform(0)
Refreshing native plugins compatible for Editor in 0.35 ms, found 2 plugins.
Preloading 0 native plugins for Editor in 0.00 ms.
Unloading 1548 Unused Serialized files (Serialized files now loaded: 0)
System memory in use before: 94.8 MB.
System memory in use after: 94.9 MB.

Unloading 20 unused Assets to reduce memory usage. Loaded Objects now: 2226.
Total: 2.661700 ms (FindLiveObjects: 0.155300 ms CreateObjectMapping: 0.045300 ms MarkObjects: 2.406700 ms  DeleteObjects: 0.053500 ms)

AssetImportParameters requested are different than current active one (requested -> active):
  custom:framework-win-MediaFoundation: 216162199b28c13a410421893ffa2e32 -> 
  custom:video-decoder-ogg-theora: a1e56fd34408186e4bbccfd4996cb3dc -> 
  custom:container-muxer-webm: aa71ff27fc2769a1b78a27578f13a17b -> 
  custom:container-demuxer-webm: 4f35f7cbe854078d1ac9338744f61a02 -> 
  custom:container-demuxer-ogg: 62fdf1f143b41e24485cea50d1cbac27 -> 
  custom:video-encoder-webm-vp8: eb34c28f22e8b96e1ab97ce403110664 -> 
  custom:video-decoder-webm-vp8: 9c59270c3fd7afecdb556c50c9e8de78 -> 
  custom:graphics/normal-map-encoding: 01000000000000000000000000000000 -> 02000000000000000000000000000000
  custom:audio-decoder-ogg-vorbis: bf7c407c2cedff20999df2af8eb42d56 -> 
  custom:audio-encoder-webm-vorbis: bf7c407c2cedff20999df2af8eb42d56 -> 
========================================================================
Received Prepare
Registering precompiled user dll's ...
Registered in 0.001939 seconds.
Begin MonoManager ReloadAssembly
Native extension for WindowsStandalone target not found
Refreshing native plugins compatible for Editor in 0.34 ms, found 2 plugins.
Preloading 0 native plugins for Editor in 0.00 ms.
Mono: successfully reloaded assembly
- Completed reload, in  1.096 seconds
Domain Reload Profiling:
	ReloadAssembly (1096ms)
		BeginReloadAssembly (72ms)
			ExecutionOrderSort (0ms)
			DisableScriptedObjects (3ms)
			BackupInstance (0ms)
			ReleaseScriptingObjects (0ms)
			CreateAndSetChildDomain (25ms)
		EndReloadAssembly (984ms)
			LoadAssemblies (56ms)
			RebuildTransferFunctionScriptingTraits (0ms)
			SetupTypeCache (206ms)
			ReleaseScriptCaches (1ms)
			RebuildScriptCaches (30ms)
			SetupLoadedEditorAssemblies (579ms)
				LogAssemblyErrors (0ms)
				InitializePlatformSupportModulesInManaged (3ms)
				SetLoadedEditorAssemblies (0ms)
				RefreshPlugins (0ms)
				BeforeProcessingInitializeOnLoad (48ms)
				ProcessInitializeOnLoadAttributes (197ms)
				ProcessInitializeOnLoadMethodAttributes (329ms)
				AfterProcessingInitializeOnLoad (1ms)
				EditorAssembliesLoaded (0ms)
			ExecutionOrderSort2 (0ms)
			AwakeInstancesAfterBackupRestoration (5ms)
Platform modules already initialized, skipping
Switching build target platform(19) subTarget(0) extendedPlatform(0) -> platform(13) subTarget(537395200) extendedPlatform(0)
Refreshing native plugins compatible for Editor in 0.33 ms, found 2 plugins.
Preloading 0 native plugins for Editor in 0.00 ms.
Unloading 1548 Unused Serialized files (Serialized files now loaded: 0)
System memory in use before: 95.0 MB.
System memory in use after: 95.0 MB.

Unloading 20 unused Assets to reduce memory usage. Loaded Objects now: 2230.
Total: 2.900300 ms (FindLiveObjects: 0.152100 ms CreateObjectMapping: 0.046900 ms MarkObjects: 2.651700 ms  DeleteObjects: 0.048600 ms)

AssetImportParameters requested are different than current active one (requested -> active):
  custom:framework-win-MediaFoundation: 216162199b28c13a410421893ffa2e32 -> 
  custom:video-decoder-ogg-theora: a1e56fd34408186e4bbccfd4996cb3dc -> 
  custom:container-muxer-webm: aa71ff27fc2769a1b78a27578f13a17b -> 
  custom:container-demuxer-webm: 4f35f7cbe854078d1ac9338744f61a02 -> 
  custom:container-demuxer-ogg: 62fdf1f143b41e24485cea50d1cbac27 -> 
  custom:video-encoder-webm-vp8: eb34c28f22e8b96e1ab97ce403110664 -> 
  custom:video-decoder-webm-vp8: 9c59270c3fd7afecdb556c50c9e8de78 -> 
  custom:graphics/normal-map-encoding: 01000000000000000000000000000000 -> 02000000000000000000000000000000
  custom:audio-decoder-ogg-vorbis: bf7c407c2cedff20999df2af8eb42d56 -> 
  custom:audio-encoder-webm-vorbis: bf7c407c2cedff20999df2af8eb42d56 -> 
========================================================================
Received Prepare
Registering precompiled user dll's ...
Registered in 0.001973 seconds.
Begin MonoManager ReloadAssembly
Native extension for WindowsStandalone target not found
Refreshing native plugins compatible for Editor in 0.34 ms, found 2 plugins.
Preloading 0 native plugins for Editor in 0.00 ms.
Mono: successfully reloaded assembly
- Completed reload, in  1.118 seconds
Domain Reload Profiling:
	ReloadAssembly (1118ms)
		BeginReloadAssembly (74ms)
			ExecutionOrderSort (0ms)
			DisableScriptedObjects (3ms)
			BackupInstance (0ms)
			ReleaseScriptingObjects (0ms)
			CreateAndSetChildDomain (26ms)
		EndReloadAssembly (999ms)
			LoadAssemblies (57ms)
			RebuildTransferFunctionScriptingTraits (0ms)
			SetupTypeCache (224ms)
			ReleaseScriptCaches (1ms)
			RebuildScriptCaches (34ms)
			SetupLoadedEditorAssemblies (575ms)
				LogAssemblyErrors (0ms)
				InitializePlatformSupportModulesInManaged (3ms)
				SetLoadedEditorAssemblies (0ms)
				RefreshPlugins (0ms)
				BeforeProcessingInitializeOnLoad (48ms)
				ProcessInitializeOnLoadAttributes (200ms)
				ProcessInitializeOnLoadMethodAttributes (322ms)
				AfterProcessingInitializeOnLoad (1ms)
				EditorAssembliesLoaded (0ms)
			ExecutionOrderSort2 (0ms)
			AwakeInstancesAfterBackupRestoration (5ms)
Platform modules already initialized, skipping
Switching build target platform(19) subTarget(0) extendedPlatform(0) -> platform(13) subTarget(537395200) extendedPlatform(0)
Refreshing native plugins compatible for Editor in 0.33 ms, found 2 plugins.
Preloading 0 native plugins for Editor in 0.00 ms.
Unloading 1548 Unused Serialized files (Serialized files now loaded: 0)
System memory in use before: 95.1 MB.
System memory in use after: 95.2 MB.

Unloading 20 unused Assets to reduce memory usage. Loaded Objects now: 2234.
Total: 2.619400 ms (FindLiveObjects: 0.150000 ms CreateObjectMapping: 0.047300 ms MarkObjects: 2.373200 ms  DeleteObjects: 0.048200 ms)

AssetImportParameters requested are different than current active one (requested -> active):
  custom:framework-win-MediaFoundation: 216162199b28c13a410421893ffa2e32 -> 
  custom:video-decoder-ogg-theora: a1e56fd34408186e4bbccfd4996cb3dc -> 
  custom:container-muxer-webm: aa71ff27fc2769a1b78a27578f13a17b -> 
  custom:container-demuxer-webm: 4f35f7cbe854078d1ac9338744f61a02 -> 
  custom:container-demuxer-ogg: 62fdf1f143b41e24485cea50d1cbac27 -> 
  custom:video-encoder-webm-vp8: eb34c28f22e8b96e1ab97ce403110664 -> 
  custom:video-decoder-webm-vp8: 9c59270c3fd7afecdb556c50c9e8de78 -> 
  custom:graphics/normal-map-encoding: 01000000000000000000000000000000 -> 02000000000000000000000000000000
  custom:audio-decoder-ogg-vorbis: bf7c407c2cedff20999df2af8eb42d56 -> 
  custom:audio-encoder-webm-vorbis: bf7c407c2cedff20999df2af8eb42d56 -> 
========================================================================
Received Prepare
Registering precompiled user dll's ...
Registered in 0.002013 seconds.
Begin MonoManager ReloadAssembly
Native extension for WindowsStandalone target not found
Refreshing native plugins compatible for Editor in 0.34 ms, found 2 plugins.
Preloading 0 native plugins for Editor in 0.00 ms.
Mono: successfully reloaded assembly
- Completed reload, in  1.091 seconds
Domain Reload Profiling:
	ReloadAssembly (1091ms)
		BeginReloadAssembly (76ms)
			ExecutionOrderSort (0ms)
			DisableScriptedObjects (3ms)
			BackupInstance (0ms)
			ReleaseScriptingObjects (0ms)
			CreateAndSetChildDomain (27ms)
		EndReloadAssembly (974ms)
			LoadAssemblies (57ms)
			RebuildTransferFunctionScriptingTraits (0ms)
			SetupTypeCache (209ms)
			ReleaseScriptCaches (1ms)
			RebuildScriptCaches (29ms)
			SetupLoadedEditorAssemblies (572ms)
				LogAssemblyErrors (0ms)
				InitializePlatformSupportModulesInManaged (3ms)
				SetLoadedEditorAssemblies (0ms)
				RefreshPlugins (0ms)
				BeforeProcessingInitializeOnLoad (48ms)
				ProcessInitializeOnLoadAttributes (196ms)
				ProcessInitializeOnLoadMethodAttributes (322ms)
				AfterProcessingInitializeOnLoad (1ms)
				EditorAssembliesLoaded (0ms)
			ExecutionOrderSort2 (0ms)
			AwakeInstancesAfterBackupRestoration (5ms)
Platform modules already initialized, skipping
Switching build target platform(19) subTarget(0) extendedPlatform(0) -> platform(13) subTarget(537395200) extendedPlatform(0)
Refreshing native plugins compatible for Editor in 0.33 ms, found 2 plugins.
Preloading 0 native plugins for Editor in 0.00 ms.
Unloading 1548 Unused Serialized files (Serialized files now loaded: 0)
System memory in use before: 95.3 MB.
System memory in use after: 95.4 MB.

Unloading 20 unused Assets to reduce memory usage. Loaded Objects now: 2238.
Total: 2.635400 ms (FindLiveObjects: 0.151300 ms CreateObjectMapping: 0.048300 ms MarkObjects: 2.384000 ms  DeleteObjects: 0.051200 ms)

AssetImportParameters requested are different than current active one (requested -> active):
  custom:framework-win-MediaFoundation: 216162199b28c13a410421893ffa2e32 -> 
  custom:video-decoder-ogg-theora: a1e56fd34408186e4bbccfd4996cb3dc -> 
  custom:container-muxer-webm: aa71ff27fc2769a1b78a27578f13a17b -> 
  custom:container-demuxer-webm: 4f35f7cbe854078d1ac9338744f61a02 -> 
  custom:container-demuxer-ogg: 62fdf1f143b41e24485cea50d1cbac27 -> 
  custom:video-encoder-webm-vp8: eb34c28f22e8b96e1ab97ce403110664 -> 
  custom:video-decoder-webm-vp8: 9c59270c3fd7afecdb556c50c9e8de78 -> 
  custom:graphics/normal-map-encoding: 01000000000000000000000000000000 -> 02000000000000000000000000000000
  custom:audio-decoder-ogg-vorbis: bf7c407c2cedff20999df2af8eb42d56 -> 
  custom:audio-encoder-webm-vorbis: bf7c407c2cedff20999df2af8eb42d56 -> 
AssetImportWorkerClient::OnTransportError - code=2 error=End of file
